<?xml version="1.0" encoding="utf-8" standalone="yes" ?>
<rss version="2.0" xmlns:atom="http://www.w3.org/2005/Atom">
  <channel>
    <title>数学 | Junyao Wang&#39;s Website</title>
    <link>https://wjy-yy.github.io/tag/%E6%95%B0%E5%AD%A6/</link>
      <atom:link href="https://wjy-yy.github.io/tag/%E6%95%B0%E5%AD%A6/index.xml" rel="self" type="application/rss+xml" />
    <description>数学</description>
    <generator>Wowchemy (https://wowchemy.com)</generator><language>en-us</language><lastBuildDate>Sat, 20 Mar 2021 08:50:50 +0000</lastBuildDate>
    <image>
      <url>https://wjy-yy.github.io/media/icon_hu7f884a298faf95f889f3a23a893e55a2_114855_512x512_fill_lanczos_center_3.png</url>
      <title>数学</title>
      <link>https://wjy-yy.github.io/tag/%E6%95%B0%E5%AD%A6/</link>
    </image>
    
    <item>
      <title>Solution-CF1499D The Number of Pairs【数学】【枚举】【筛素数】</title>
      <link>https://wjy-yy.github.io/post/cf1499d/</link>
      <pubDate>Sat, 20 Mar 2021 08:50:50 +0000</pubDate>
      <guid>https://wjy-yy.github.io/post/cf1499d/</guid>
      <description>&lt;p&gt;有一点点难的数学题。&lt;/p&gt;
&lt;blockquote&gt;
&lt;h2 id=&#34;description&#34;&gt;Description&lt;/h2&gt;
&lt;p&gt;You are given three positive (greater than zero) integers $c$, $d$ and $x$.&lt;/p&gt;
&lt;p&gt;You have to find the number of pairs of positive integers $(a,b)$ such that equality $\newcommand{\lcm}{\mathrm{lcm}}c\cdot \lcm(a,b)-d\cdot\gcd(a,b)=x$ holds. Where $\lcm(a,b)$ is the least common multiple of $a$ and $b$ and $\gcd(a,b)$ is the greatest common divisor of $a$ and $b$.&lt;/p&gt;
&lt;h2 id=&#34;input&#34;&gt;Input&lt;/h2&gt;
&lt;p&gt;The first line contains one integer $t (1\le t\le 10^4)$ — the number of test cases.&lt;/p&gt;
&lt;p&gt;Each test case consists of one line containing three integer $c$, $d$ and $x$ $(1\le c,d,x\le 10^7)$.&lt;/p&gt;
&lt;h2 id=&#34;output&#34;&gt;Output&lt;/h2&gt;
&lt;p&gt;For each test case, print one integer — the number of pairs $(a,b)$ such that the above equality holds.&lt;/p&gt;
&lt;h2 id=&#34;example&#34;&gt;Example&lt;/h2&gt;
&lt;p&gt;&lt;strong&gt;input&lt;/strong&gt;&lt;/p&gt;
&lt;div class=&#34;highlight&#34;&gt;&lt;pre tabindex=&#34;0&#34; class=&#34;chroma&#34;&gt;&lt;code class=&#34;language-fallback&#34; data-lang=&#34;fallback&#34;&gt;&lt;span class=&#34;line&#34;&gt;&lt;span class=&#34;cl&#34;&gt;4
&lt;/span&gt;&lt;/span&gt;&lt;span class=&#34;line&#34;&gt;&lt;span class=&#34;cl&#34;&gt;1 1 3
&lt;/span&gt;&lt;/span&gt;&lt;span class=&#34;line&#34;&gt;&lt;span class=&#34;cl&#34;&gt;4 2 6
&lt;/span&gt;&lt;/span&gt;&lt;span class=&#34;line&#34;&gt;&lt;span class=&#34;cl&#34;&gt;3 3 7
&lt;/span&gt;&lt;/span&gt;&lt;span class=&#34;line&#34;&gt;&lt;span class=&#34;cl&#34;&gt;2 7 25
&lt;/span&gt;&lt;/span&gt;&lt;/code&gt;&lt;/pre&gt;&lt;/div&gt;&lt;p&gt;&lt;strong&gt;output&lt;/strong&gt;&lt;/p&gt;
&lt;div class=&#34;highlight&#34;&gt;&lt;pre tabindex=&#34;0&#34; class=&#34;chroma&#34;&gt;&lt;code class=&#34;language-fallback&#34; data-lang=&#34;fallback&#34;&gt;&lt;span class=&#34;line&#34;&gt;&lt;span class=&#34;cl&#34;&gt;4
&lt;/span&gt;&lt;/span&gt;&lt;span class=&#34;line&#34;&gt;&lt;span class=&#34;cl&#34;&gt;3
&lt;/span&gt;&lt;/span&gt;&lt;span class=&#34;line&#34;&gt;&lt;span class=&#34;cl&#34;&gt;0
&lt;/span&gt;&lt;/span&gt;&lt;span class=&#34;line&#34;&gt;&lt;span class=&#34;cl&#34;&gt;8
&lt;/span&gt;&lt;/span&gt;&lt;/code&gt;&lt;/pre&gt;&lt;/div&gt;&lt;h2 id=&#34;note&#34;&gt;Note&lt;/h2&gt;
&lt;p&gt;In the first example, the correct pairs are: $(1,4)$, $(4,1)$, $(3,6)$, $(6,3)$.&lt;/p&gt;
&lt;p&gt;In the second example, the correct pairs are: $(1,2)$, $(2,1)$, $(3,3)$.&lt;/p&gt;
&lt;/blockquote&gt;
&lt;h2 id=&#34;题意&#34;&gt;题意&lt;/h2&gt;
&lt;p&gt;给定 $c,d,x(1\le c,d,x\le 10^7)$，求使得 $c\cdot\lcm(a,b)-d\gcd(a,b)=x$ 的有序数对 $(a,b)$ 有多少个。&lt;/p&gt;
&lt;h2 id=&#34;题解&#34;&gt;题解&lt;/h2&gt;
&lt;p&gt;我们知道，$\lcm(a,b)=\frac{ab}{\gcd(a,b)}$。同时，$\frac{a}{\gcd(a,b)},\frac{b}{\gcd(a,b)}$ 都是整数。因此 $\frac{ab}{\gcd(a,b)\gcd(a,b)}$ 是整数。即 $\gcd(a,b)|\lcm(a,b)$。&lt;/p&gt;
&lt;p&gt;因此原式 $c\cdot\lcm(a,b)-d\gcd(a,b)=x$ 左边有因子 $\gcd(a,b)$，因此必须有 $\gcd(a,b)|x$。&lt;/p&gt;
&lt;p&gt;所以我们枚举 $x$ 的所有因子，作为 $\gcd(a,b)$ 去计算合法的 $(a,b)$ 组数。枚举 $x$ 的因子复杂度为 $\sqrt x$。&lt;/p&gt;
&lt;p&gt;此时可求得 $\lcm(a,b)$。$\lcm(a,b)=\frac{x+d\gcd(a,b)}{c}$&lt;/p&gt;
&lt;p&gt;有了 $\lcm(a,b)$ 和 $\gcd(a,b)$，我们需要找出有多少对 $(a,b)$。令 $k=\frac{\lcm(a,b)}{\gcd(a,b)}=p_1^{t_1}p_2^{t_2}\cdots p_n^{t_n}$，则每个 $p_i^{t_i}$ 会分配给 $a$ 或 $b$。共有 $2^n$ 种分配方法。&lt;/p&gt;
&lt;p&gt;因此求出 $k$ 之后，我们需要将 $k$ 分解质因数。这个的复杂度是 $O(\sqrt k)$ 的，合起来 $O(T\sqrt{kx})$ 比较大。&lt;/p&gt;
&lt;p&gt;所以我们可以在筛质数的时候预处理出每个数&lt;strong&gt;有多少个不同的质因子&lt;/strong&gt;，统计时直接 $+2^n$ 即可。&lt;/p&gt;
&lt;p&gt;另外考虑 $k$ 的范围：
$$
\begin{aligned}
\lcm(a,b)&amp;amp;=\frac{x+d\gcd(a,b)}{c}\
k=\frac{\lcm(a,b)}{\gcd(a,b)}&amp;amp;=\frac{x}{c\gcd(a,b)}+\frac dc
\end{aligned}
$$
分母均大于等于 $1$，因此 $k\le x+d\le 2\times 10^7$。&lt;/p&gt;
&lt;p&gt;时间复杂度 $O(\max{c,d,x}+T\sqrt x)$。&lt;/p&gt;
&lt;p&gt;鸣谢 Dew。&lt;/p&gt;
&lt;h2 id=&#34;code&#34;&gt;Code：&lt;/h2&gt;
&lt;div class=&#34;highlight&#34;&gt;&lt;pre tabindex=&#34;0&#34; class=&#34;chroma&#34;&gt;&lt;code class=&#34;language-cpp&#34; data-lang=&#34;cpp&#34;&gt;&lt;span class=&#34;line&#34;&gt;&lt;span class=&#34;cl&#34;&gt;&lt;span class=&#34;cp&#34;&gt;#include&lt;/span&gt;&lt;span class=&#34;cpf&#34;&gt;&amp;lt;unordered_map&amp;gt;&lt;/span&gt;&lt;span class=&#34;cp&#34;&gt;
&lt;/span&gt;&lt;/span&gt;&lt;/span&gt;&lt;span class=&#34;line&#34;&gt;&lt;span class=&#34;cl&#34;&gt;&lt;span class=&#34;cp&#34;&gt;#include&lt;/span&gt;&lt;span class=&#34;cpf&#34;&gt;&amp;lt;queue&amp;gt;&lt;/span&gt;&lt;span class=&#34;cp&#34;&gt;
&lt;/span&gt;&lt;/span&gt;&lt;/span&gt;&lt;span class=&#34;line&#34;&gt;&lt;span class=&#34;cl&#34;&gt;&lt;span class=&#34;cp&#34;&gt;#include&lt;/span&gt;&lt;span class=&#34;cpf&#34;&gt;&amp;lt;cstdio&amp;gt;&lt;/span&gt;&lt;span class=&#34;cp&#34;&gt;
&lt;/span&gt;&lt;/span&gt;&lt;/span&gt;&lt;span class=&#34;line&#34;&gt;&lt;span class=&#34;cl&#34;&gt;&lt;span class=&#34;cp&#34;&gt;#include&lt;/span&gt;&lt;span class=&#34;cpf&#34;&gt;&amp;lt;cstring&amp;gt;&lt;/span&gt;&lt;span class=&#34;cp&#34;&gt;
&lt;/span&gt;&lt;/span&gt;&lt;/span&gt;&lt;span class=&#34;line&#34;&gt;&lt;span class=&#34;cl&#34;&gt;&lt;span class=&#34;cp&#34;&gt;#include&lt;/span&gt;&lt;span class=&#34;cpf&#34;&gt;&amp;lt;algorithm&amp;gt;&lt;/span&gt;&lt;span class=&#34;cp&#34;&gt;
&lt;/span&gt;&lt;/span&gt;&lt;/span&gt;&lt;span class=&#34;line&#34;&gt;&lt;span class=&#34;cl&#34;&gt;&lt;span class=&#34;cp&#34;&gt;#include&lt;/span&gt;&lt;span class=&#34;cpf&#34;&gt;&amp;lt;iostream&amp;gt;&lt;/span&gt;&lt;span class=&#34;cp&#34;&gt;
&lt;/span&gt;&lt;/span&gt;&lt;/span&gt;&lt;span class=&#34;line&#34;&gt;&lt;span class=&#34;cl&#34;&gt;&lt;span class=&#34;cp&#34;&gt;#define ll long long
&lt;/span&gt;&lt;/span&gt;&lt;/span&gt;&lt;span class=&#34;line&#34;&gt;&lt;span class=&#34;cl&#34;&gt;&lt;span class=&#34;cp&#34;&gt;#ifdef wjyyy
&lt;/span&gt;&lt;/span&gt;&lt;/span&gt;&lt;span class=&#34;line&#34;&gt;&lt;span class=&#34;cl&#34;&gt;&lt;span class=&#34;cp&#34;&gt;&lt;/span&gt;    &lt;span class=&#34;cp&#34;&gt;#define gc getchar
&lt;/span&gt;&lt;/span&gt;&lt;/span&gt;&lt;span class=&#34;line&#34;&gt;&lt;span class=&#34;cl&#34;&gt;&lt;span class=&#34;cp&#34;&gt;#else
&lt;/span&gt;&lt;/span&gt;&lt;/span&gt;&lt;span class=&#34;line&#34;&gt;&lt;span class=&#34;cl&#34;&gt;&lt;span class=&#34;cp&#34;&gt;&lt;/span&gt;    &lt;span class=&#34;cp&#34;&gt;#define gc() (p1==p2&amp;amp;&amp;amp;(p2=(p1=buf)+fread(buf,1,1&amp;lt;&amp;lt;21,stdin),p1==p2)?EOF:*p1++)
&lt;/span&gt;&lt;/span&gt;&lt;/span&gt;&lt;span class=&#34;line&#34;&gt;&lt;span class=&#34;cl&#34;&gt;&lt;span class=&#34;cp&#34;&gt;#endif
&lt;/span&gt;&lt;/span&gt;&lt;/span&gt;&lt;span class=&#34;line&#34;&gt;&lt;span class=&#34;cl&#34;&gt;&lt;span class=&#34;cp&#34;&gt;&lt;/span&gt;&lt;span class=&#34;kt&#34;&gt;char&lt;/span&gt; &lt;span class=&#34;n&#34;&gt;buf&lt;/span&gt;&lt;span class=&#34;p&#34;&gt;[&lt;/span&gt;&lt;span class=&#34;mi&#34;&gt;2100000&lt;/span&gt;&lt;span class=&#34;p&#34;&gt;],&lt;/span&gt;&lt;span class=&#34;o&#34;&gt;*&lt;/span&gt;&lt;span class=&#34;n&#34;&gt;p1&lt;/span&gt;&lt;span class=&#34;o&#34;&gt;=&lt;/span&gt;&lt;span class=&#34;n&#34;&gt;buf&lt;/span&gt;&lt;span class=&#34;p&#34;&gt;,&lt;/span&gt;&lt;span class=&#34;o&#34;&gt;*&lt;/span&gt;&lt;span class=&#34;n&#34;&gt;p2&lt;/span&gt;&lt;span class=&#34;o&#34;&gt;=&lt;/span&gt;&lt;span class=&#34;n&#34;&gt;buf&lt;/span&gt;&lt;span class=&#34;p&#34;&gt;;&lt;/span&gt;
&lt;/span&gt;&lt;/span&gt;&lt;span class=&#34;line&#34;&gt;&lt;span class=&#34;cl&#34;&gt;&lt;span class=&#34;k&#34;&gt;using&lt;/span&gt; &lt;span class=&#34;k&#34;&gt;namespace&lt;/span&gt; &lt;span class=&#34;n&#34;&gt;std&lt;/span&gt;&lt;span class=&#34;p&#34;&gt;;&lt;/span&gt;
&lt;/span&gt;&lt;/span&gt;&lt;span class=&#34;line&#34;&gt;&lt;span class=&#34;cl&#34;&gt;&lt;span class=&#34;n&#34;&gt;ll&lt;/span&gt; &lt;span class=&#34;nf&#34;&gt;Abs&lt;/span&gt;&lt;span class=&#34;p&#34;&gt;(&lt;/span&gt;&lt;span class=&#34;n&#34;&gt;ll&lt;/span&gt; &lt;span class=&#34;n&#34;&gt;x&lt;/span&gt;&lt;span class=&#34;p&#34;&gt;)&lt;/span&gt;
&lt;/span&gt;&lt;/span&gt;&lt;span class=&#34;line&#34;&gt;&lt;span class=&#34;cl&#34;&gt;&lt;span class=&#34;p&#34;&gt;{&lt;/span&gt;
&lt;/span&gt;&lt;/span&gt;&lt;span class=&#34;line&#34;&gt;&lt;span class=&#34;cl&#34;&gt;	&lt;span class=&#34;k&#34;&gt;return&lt;/span&gt; &lt;span class=&#34;n&#34;&gt;x&lt;/span&gt;&lt;span class=&#34;o&#34;&gt;&amp;gt;&lt;/span&gt;&lt;span class=&#34;mi&#34;&gt;0&lt;/span&gt;&lt;span class=&#34;o&#34;&gt;?&lt;/span&gt;&lt;span class=&#34;nl&#34;&gt;x&lt;/span&gt;&lt;span class=&#34;p&#34;&gt;:&lt;/span&gt;&lt;span class=&#34;o&#34;&gt;-&lt;/span&gt;&lt;span class=&#34;n&#34;&gt;x&lt;/span&gt;&lt;span class=&#34;p&#34;&gt;;&lt;/span&gt;
&lt;/span&gt;&lt;/span&gt;&lt;span class=&#34;line&#34;&gt;&lt;span class=&#34;cl&#34;&gt;&lt;span class=&#34;p&#34;&gt;}&lt;/span&gt;
&lt;/span&gt;&lt;/span&gt;&lt;span class=&#34;line&#34;&gt;&lt;span class=&#34;cl&#34;&gt;&lt;span class=&#34;n&#34;&gt;ll&lt;/span&gt; &lt;span class=&#34;nf&#34;&gt;read&lt;/span&gt;&lt;span class=&#34;p&#34;&gt;()&lt;/span&gt;
&lt;/span&gt;&lt;/span&gt;&lt;span class=&#34;line&#34;&gt;&lt;span class=&#34;cl&#34;&gt;&lt;span class=&#34;p&#34;&gt;{&lt;/span&gt;
&lt;/span&gt;&lt;/span&gt;&lt;span class=&#34;line&#34;&gt;&lt;span class=&#34;cl&#34;&gt;    &lt;span class=&#34;n&#34;&gt;ll&lt;/span&gt; &lt;span class=&#34;n&#34;&gt;x&lt;/span&gt;&lt;span class=&#34;o&#34;&gt;=&lt;/span&gt;&lt;span class=&#34;mi&#34;&gt;0&lt;/span&gt;&lt;span class=&#34;p&#34;&gt;,&lt;/span&gt;&lt;span class=&#34;n&#34;&gt;f&lt;/span&gt;&lt;span class=&#34;o&#34;&gt;=&lt;/span&gt;&lt;span class=&#34;mi&#34;&gt;1&lt;/span&gt;&lt;span class=&#34;p&#34;&gt;;&lt;/span&gt;
&lt;/span&gt;&lt;/span&gt;&lt;span class=&#34;line&#34;&gt;&lt;span class=&#34;cl&#34;&gt;    &lt;span class=&#34;kt&#34;&gt;char&lt;/span&gt; &lt;span class=&#34;n&#34;&gt;ch&lt;/span&gt;&lt;span class=&#34;o&#34;&gt;=&lt;/span&gt;&lt;span class=&#34;n&#34;&gt;gc&lt;/span&gt;&lt;span class=&#34;p&#34;&gt;();&lt;/span&gt;
&lt;/span&gt;&lt;/span&gt;&lt;span class=&#34;line&#34;&gt;&lt;span class=&#34;cl&#34;&gt;    &lt;span class=&#34;k&#34;&gt;while&lt;/span&gt;&lt;span class=&#34;p&#34;&gt;(&lt;/span&gt;&lt;span class=&#34;n&#34;&gt;ch&lt;/span&gt;&lt;span class=&#34;o&#34;&gt;&amp;lt;&lt;/span&gt;&lt;span class=&#34;sc&#34;&gt;&amp;#39;0&amp;#39;&lt;/span&gt;&lt;span class=&#34;o&#34;&gt;||&lt;/span&gt;&lt;span class=&#34;n&#34;&gt;ch&lt;/span&gt;&lt;span class=&#34;o&#34;&gt;&amp;gt;&lt;/span&gt;&lt;span class=&#34;sc&#34;&gt;&amp;#39;9&amp;#39;&lt;/span&gt;&lt;span class=&#34;p&#34;&gt;)&lt;/span&gt;
&lt;/span&gt;&lt;/span&gt;&lt;span class=&#34;line&#34;&gt;&lt;span class=&#34;cl&#34;&gt;    &lt;span class=&#34;p&#34;&gt;{&lt;/span&gt;
&lt;/span&gt;&lt;/span&gt;&lt;span class=&#34;line&#34;&gt;&lt;span class=&#34;cl&#34;&gt;    	&lt;span class=&#34;k&#34;&gt;if&lt;/span&gt;&lt;span class=&#34;p&#34;&gt;(&lt;/span&gt;&lt;span class=&#34;n&#34;&gt;ch&lt;/span&gt;&lt;span class=&#34;o&#34;&gt;==&lt;/span&gt;&lt;span class=&#34;sc&#34;&gt;&amp;#39;-&amp;#39;&lt;/span&gt;&lt;span class=&#34;p&#34;&gt;)&lt;/span&gt;
&lt;/span&gt;&lt;/span&gt;&lt;span class=&#34;line&#34;&gt;&lt;span class=&#34;cl&#34;&gt;    		&lt;span class=&#34;n&#34;&gt;f&lt;/span&gt;&lt;span class=&#34;o&#34;&gt;=-&lt;/span&gt;&lt;span class=&#34;mi&#34;&gt;1&lt;/span&gt;&lt;span class=&#34;p&#34;&gt;;&lt;/span&gt;
&lt;/span&gt;&lt;/span&gt;&lt;span class=&#34;line&#34;&gt;&lt;span class=&#34;cl&#34;&gt;    	&lt;span class=&#34;n&#34;&gt;ch&lt;/span&gt;&lt;span class=&#34;o&#34;&gt;=&lt;/span&gt;&lt;span class=&#34;n&#34;&gt;gc&lt;/span&gt;&lt;span class=&#34;p&#34;&gt;();&lt;/span&gt;
&lt;/span&gt;&lt;/span&gt;&lt;span class=&#34;line&#34;&gt;&lt;span class=&#34;cl&#34;&gt;	&lt;span class=&#34;p&#34;&gt;}&lt;/span&gt;
&lt;/span&gt;&lt;/span&gt;&lt;span class=&#34;line&#34;&gt;&lt;span class=&#34;cl&#34;&gt;    &lt;span class=&#34;k&#34;&gt;while&lt;/span&gt;&lt;span class=&#34;p&#34;&gt;(&lt;/span&gt;&lt;span class=&#34;n&#34;&gt;ch&lt;/span&gt;&lt;span class=&#34;o&#34;&gt;&amp;gt;=&lt;/span&gt;&lt;span class=&#34;sc&#34;&gt;&amp;#39;0&amp;#39;&lt;/span&gt;&lt;span class=&#34;o&#34;&gt;&amp;amp;&amp;amp;&lt;/span&gt;&lt;span class=&#34;n&#34;&gt;ch&lt;/span&gt;&lt;span class=&#34;o&#34;&gt;&amp;lt;=&lt;/span&gt;&lt;span class=&#34;sc&#34;&gt;&amp;#39;9&amp;#39;&lt;/span&gt;&lt;span class=&#34;p&#34;&gt;)&lt;/span&gt;
&lt;/span&gt;&lt;/span&gt;&lt;span class=&#34;line&#34;&gt;&lt;span class=&#34;cl&#34;&gt;    &lt;span class=&#34;p&#34;&gt;{&lt;/span&gt;
&lt;/span&gt;&lt;/span&gt;&lt;span class=&#34;line&#34;&gt;&lt;span class=&#34;cl&#34;&gt;        &lt;span class=&#34;n&#34;&gt;x&lt;/span&gt;&lt;span class=&#34;o&#34;&gt;=&lt;/span&gt;&lt;span class=&#34;n&#34;&gt;x&lt;/span&gt;&lt;span class=&#34;o&#34;&gt;*&lt;/span&gt;&lt;span class=&#34;mi&#34;&gt;10&lt;/span&gt;&lt;span class=&#34;o&#34;&gt;+&lt;/span&gt;&lt;span class=&#34;p&#34;&gt;(&lt;/span&gt;&lt;span class=&#34;n&#34;&gt;ch&lt;/span&gt;&lt;span class=&#34;o&#34;&gt;&amp;amp;&lt;/span&gt;&lt;span class=&#34;mi&#34;&gt;15&lt;/span&gt;&lt;span class=&#34;p&#34;&gt;);&lt;/span&gt;
&lt;/span&gt;&lt;/span&gt;&lt;span class=&#34;line&#34;&gt;&lt;span class=&#34;cl&#34;&gt;        &lt;span class=&#34;n&#34;&gt;ch&lt;/span&gt;&lt;span class=&#34;o&#34;&gt;=&lt;/span&gt;&lt;span class=&#34;n&#34;&gt;gc&lt;/span&gt;&lt;span class=&#34;p&#34;&gt;();&lt;/span&gt;
&lt;/span&gt;&lt;/span&gt;&lt;span class=&#34;line&#34;&gt;&lt;span class=&#34;cl&#34;&gt;    &lt;span class=&#34;p&#34;&gt;}&lt;/span&gt;
&lt;/span&gt;&lt;/span&gt;&lt;span class=&#34;line&#34;&gt;&lt;span class=&#34;cl&#34;&gt;    &lt;span class=&#34;k&#34;&gt;return&lt;/span&gt; &lt;span class=&#34;n&#34;&gt;x&lt;/span&gt;&lt;span class=&#34;o&#34;&gt;*&lt;/span&gt;&lt;span class=&#34;n&#34;&gt;f&lt;/span&gt;&lt;span class=&#34;p&#34;&gt;;&lt;/span&gt;
&lt;/span&gt;&lt;/span&gt;&lt;span class=&#34;line&#34;&gt;&lt;span class=&#34;cl&#34;&gt;&lt;span class=&#34;p&#34;&gt;}&lt;/span&gt;
&lt;/span&gt;&lt;/span&gt;&lt;span class=&#34;line&#34;&gt;&lt;span class=&#34;cl&#34;&gt;&lt;span class=&#34;kt&#34;&gt;int&lt;/span&gt; &lt;span class=&#34;n&#34;&gt;pri&lt;/span&gt;&lt;span class=&#34;p&#34;&gt;[&lt;/span&gt;&lt;span class=&#34;mi&#34;&gt;2000000&lt;/span&gt;&lt;span class=&#34;p&#34;&gt;],&lt;/span&gt;&lt;span class=&#34;n&#34;&gt;cnt&lt;/span&gt;&lt;span class=&#34;o&#34;&gt;=&lt;/span&gt;&lt;span class=&#34;mi&#34;&gt;0&lt;/span&gt;&lt;span class=&#34;p&#34;&gt;,&lt;/span&gt;&lt;span class=&#34;n&#34;&gt;p&lt;/span&gt;&lt;span class=&#34;p&#34;&gt;[&lt;/span&gt;&lt;span class=&#34;mi&#34;&gt;20000001&lt;/span&gt;&lt;span class=&#34;p&#34;&gt;];&lt;/span&gt;
&lt;/span&gt;&lt;/span&gt;&lt;span class=&#34;line&#34;&gt;&lt;span class=&#34;cl&#34;&gt;&lt;span class=&#34;c1&#34;&gt;//pri表示质数列 pi表示i的最小质因子
&lt;/span&gt;&lt;/span&gt;&lt;/span&gt;&lt;span class=&#34;line&#34;&gt;&lt;span class=&#34;cl&#34;&gt;&lt;span class=&#34;c1&#34;&gt;&lt;/span&gt;&lt;span class=&#34;n&#34;&gt;ll&lt;/span&gt; &lt;span class=&#34;n&#34;&gt;num&lt;/span&gt;&lt;span class=&#34;p&#34;&gt;[&lt;/span&gt;&lt;span class=&#34;mi&#34;&gt;20000001&lt;/span&gt;&lt;span class=&#34;p&#34;&gt;];&lt;/span&gt;
&lt;/span&gt;&lt;/span&gt;&lt;span class=&#34;line&#34;&gt;&lt;span class=&#34;cl&#34;&gt;&lt;span class=&#34;c1&#34;&gt;//numi表示i有多少个不同的质因子
&lt;/span&gt;&lt;/span&gt;&lt;/span&gt;&lt;span class=&#34;line&#34;&gt;&lt;span class=&#34;cl&#34;&gt;&lt;span class=&#34;c1&#34;&gt;&lt;/span&gt;&lt;span class=&#34;kt&#34;&gt;bool&lt;/span&gt; &lt;span class=&#34;n&#34;&gt;is&lt;/span&gt;&lt;span class=&#34;p&#34;&gt;[&lt;/span&gt;&lt;span class=&#34;mi&#34;&gt;20000001&lt;/span&gt;&lt;span class=&#34;p&#34;&gt;];&lt;/span&gt;
&lt;/span&gt;&lt;/span&gt;&lt;span class=&#34;line&#34;&gt;&lt;span class=&#34;cl&#34;&gt;&lt;span class=&#34;c1&#34;&gt;//是否是非质数
&lt;/span&gt;&lt;/span&gt;&lt;/span&gt;&lt;span class=&#34;line&#34;&gt;&lt;span class=&#34;cl&#34;&gt;&lt;span class=&#34;c1&#34;&gt;&lt;/span&gt;&lt;span class=&#34;n&#34;&gt;ll&lt;/span&gt; &lt;span class=&#34;n&#34;&gt;ans&lt;/span&gt;&lt;span class=&#34;o&#34;&gt;=&lt;/span&gt;&lt;span class=&#34;mi&#34;&gt;0&lt;/span&gt;&lt;span class=&#34;p&#34;&gt;,&lt;/span&gt;&lt;span class=&#34;n&#34;&gt;c&lt;/span&gt;&lt;span class=&#34;p&#34;&gt;,&lt;/span&gt;&lt;span class=&#34;n&#34;&gt;d&lt;/span&gt;&lt;span class=&#34;p&#34;&gt;,&lt;/span&gt;&lt;span class=&#34;n&#34;&gt;k&lt;/span&gt;&lt;span class=&#34;p&#34;&gt;;&lt;/span&gt;
&lt;/span&gt;&lt;/span&gt;&lt;span class=&#34;line&#34;&gt;&lt;span class=&#34;cl&#34;&gt;&lt;span class=&#34;kt&#34;&gt;void&lt;/span&gt; &lt;span class=&#34;nf&#34;&gt;work&lt;/span&gt;&lt;span class=&#34;p&#34;&gt;(&lt;/span&gt;&lt;span class=&#34;n&#34;&gt;ll&lt;/span&gt; &lt;span class=&#34;n&#34;&gt;i&lt;/span&gt;&lt;span class=&#34;p&#34;&gt;)&lt;/span&gt;
&lt;/span&gt;&lt;/span&gt;&lt;span class=&#34;line&#34;&gt;&lt;span class=&#34;cl&#34;&gt;&lt;span class=&#34;p&#34;&gt;{&lt;/span&gt;
&lt;/span&gt;&lt;/span&gt;&lt;span class=&#34;line&#34;&gt;&lt;span class=&#34;cl&#34;&gt;	&lt;span class=&#34;k&#34;&gt;if&lt;/span&gt;&lt;span class=&#34;p&#34;&gt;((&lt;/span&gt;&lt;span class=&#34;n&#34;&gt;k&lt;/span&gt;&lt;span class=&#34;o&#34;&gt;+&lt;/span&gt;&lt;span class=&#34;n&#34;&gt;d&lt;/span&gt;&lt;span class=&#34;o&#34;&gt;*&lt;/span&gt;&lt;span class=&#34;n&#34;&gt;i&lt;/span&gt;&lt;span class=&#34;p&#34;&gt;)&lt;/span&gt;&lt;span class=&#34;o&#34;&gt;%&lt;/span&gt;&lt;span class=&#34;n&#34;&gt;c&lt;/span&gt;&lt;span class=&#34;p&#34;&gt;)&lt;/span&gt;&lt;span class=&#34;c1&#34;&gt;//求出lcm
&lt;/span&gt;&lt;/span&gt;&lt;/span&gt;&lt;span class=&#34;line&#34;&gt;&lt;span class=&#34;cl&#34;&gt;&lt;span class=&#34;c1&#34;&gt;&lt;/span&gt;		&lt;span class=&#34;k&#34;&gt;return&lt;/span&gt;&lt;span class=&#34;p&#34;&gt;;&lt;/span&gt;
&lt;/span&gt;&lt;/span&gt;&lt;span class=&#34;line&#34;&gt;&lt;span class=&#34;cl&#34;&gt;	&lt;span class=&#34;n&#34;&gt;ll&lt;/span&gt; &lt;span class=&#34;n&#34;&gt;lcm&lt;/span&gt;&lt;span class=&#34;o&#34;&gt;=&lt;/span&gt;&lt;span class=&#34;p&#34;&gt;(&lt;/span&gt;&lt;span class=&#34;n&#34;&gt;k&lt;/span&gt;&lt;span class=&#34;o&#34;&gt;+&lt;/span&gt;&lt;span class=&#34;n&#34;&gt;d&lt;/span&gt;&lt;span class=&#34;o&#34;&gt;*&lt;/span&gt;&lt;span class=&#34;n&#34;&gt;i&lt;/span&gt;&lt;span class=&#34;p&#34;&gt;)&lt;/span&gt;&lt;span class=&#34;o&#34;&gt;/&lt;/span&gt;&lt;span class=&#34;n&#34;&gt;c&lt;/span&gt;&lt;span class=&#34;p&#34;&gt;;&lt;/span&gt;
&lt;/span&gt;&lt;/span&gt;&lt;span class=&#34;line&#34;&gt;&lt;span class=&#34;cl&#34;&gt;	&lt;span class=&#34;k&#34;&gt;if&lt;/span&gt;&lt;span class=&#34;p&#34;&gt;(&lt;/span&gt;&lt;span class=&#34;n&#34;&gt;lcm&lt;/span&gt;&lt;span class=&#34;o&#34;&gt;%&lt;/span&gt;&lt;span class=&#34;n&#34;&gt;i&lt;/span&gt;&lt;span class=&#34;p&#34;&gt;)&lt;/span&gt;
&lt;/span&gt;&lt;/span&gt;&lt;span class=&#34;line&#34;&gt;&lt;span class=&#34;cl&#34;&gt;		&lt;span class=&#34;k&#34;&gt;return&lt;/span&gt;&lt;span class=&#34;p&#34;&gt;;&lt;/span&gt;
&lt;/span&gt;&lt;/span&gt;&lt;span class=&#34;line&#34;&gt;&lt;span class=&#34;cl&#34;&gt;	&lt;span class=&#34;n&#34;&gt;ll&lt;/span&gt; &lt;span class=&#34;n&#34;&gt;t&lt;/span&gt;&lt;span class=&#34;o&#34;&gt;=&lt;/span&gt;&lt;span class=&#34;n&#34;&gt;lcm&lt;/span&gt;&lt;span class=&#34;o&#34;&gt;/&lt;/span&gt;&lt;span class=&#34;n&#34;&gt;i&lt;/span&gt;&lt;span class=&#34;p&#34;&gt;;&lt;/span&gt;
&lt;/span&gt;&lt;/span&gt;&lt;span class=&#34;line&#34;&gt;&lt;span class=&#34;cl&#34;&gt;	&lt;span class=&#34;n&#34;&gt;ans&lt;/span&gt;&lt;span class=&#34;o&#34;&gt;+=&lt;/span&gt;&lt;span class=&#34;mi&#34;&gt;1&lt;/span&gt;&lt;span class=&#34;o&#34;&gt;&amp;lt;&amp;lt;&lt;/span&gt;&lt;span class=&#34;n&#34;&gt;num&lt;/span&gt;&lt;span class=&#34;p&#34;&gt;[&lt;/span&gt;&lt;span class=&#34;n&#34;&gt;t&lt;/span&gt;&lt;span class=&#34;p&#34;&gt;];&lt;/span&gt;
&lt;/span&gt;&lt;/span&gt;&lt;span class=&#34;line&#34;&gt;&lt;span class=&#34;cl&#34;&gt;&lt;span class=&#34;p&#34;&gt;}&lt;/span&gt;
&lt;/span&gt;&lt;/span&gt;&lt;span class=&#34;line&#34;&gt;&lt;span class=&#34;cl&#34;&gt;&lt;span class=&#34;kt&#34;&gt;int&lt;/span&gt; &lt;span class=&#34;nf&#34;&gt;main&lt;/span&gt;&lt;span class=&#34;p&#34;&gt;()&lt;/span&gt;
&lt;/span&gt;&lt;/span&gt;&lt;span class=&#34;line&#34;&gt;&lt;span class=&#34;cl&#34;&gt;&lt;span class=&#34;p&#34;&gt;{&lt;/span&gt;
&lt;/span&gt;&lt;/span&gt;&lt;span class=&#34;line&#34;&gt;&lt;span class=&#34;cl&#34;&gt;	&lt;span class=&#34;n&#34;&gt;is&lt;/span&gt;&lt;span class=&#34;p&#34;&gt;[&lt;/span&gt;&lt;span class=&#34;mi&#34;&gt;0&lt;/span&gt;&lt;span class=&#34;p&#34;&gt;]&lt;/span&gt;&lt;span class=&#34;o&#34;&gt;=&lt;/span&gt;&lt;span class=&#34;mi&#34;&gt;1&lt;/span&gt;&lt;span class=&#34;p&#34;&gt;;&lt;/span&gt;
&lt;/span&gt;&lt;/span&gt;&lt;span class=&#34;line&#34;&gt;&lt;span class=&#34;cl&#34;&gt;	&lt;span class=&#34;n&#34;&gt;is&lt;/span&gt;&lt;span class=&#34;p&#34;&gt;[&lt;/span&gt;&lt;span class=&#34;mi&#34;&gt;1&lt;/span&gt;&lt;span class=&#34;p&#34;&gt;]&lt;/span&gt;&lt;span class=&#34;o&#34;&gt;=&lt;/span&gt;&lt;span class=&#34;mi&#34;&gt;1&lt;/span&gt;&lt;span class=&#34;p&#34;&gt;;&lt;/span&gt;
&lt;/span&gt;&lt;/span&gt;&lt;span class=&#34;line&#34;&gt;&lt;span class=&#34;cl&#34;&gt;	&lt;span class=&#34;k&#34;&gt;for&lt;/span&gt;&lt;span class=&#34;p&#34;&gt;(&lt;/span&gt;&lt;span class=&#34;kt&#34;&gt;int&lt;/span&gt; &lt;span class=&#34;n&#34;&gt;i&lt;/span&gt;&lt;span class=&#34;o&#34;&gt;=&lt;/span&gt;&lt;span class=&#34;mi&#34;&gt;2&lt;/span&gt;&lt;span class=&#34;p&#34;&gt;;&lt;/span&gt;&lt;span class=&#34;n&#34;&gt;i&lt;/span&gt;&lt;span class=&#34;o&#34;&gt;&amp;lt;=&lt;/span&gt;&lt;span class=&#34;mi&#34;&gt;20000000&lt;/span&gt;&lt;span class=&#34;p&#34;&gt;;&lt;/span&gt;&lt;span class=&#34;o&#34;&gt;++&lt;/span&gt;&lt;span class=&#34;n&#34;&gt;i&lt;/span&gt;&lt;span class=&#34;p&#34;&gt;)&lt;/span&gt;
&lt;/span&gt;&lt;/span&gt;&lt;span class=&#34;line&#34;&gt;&lt;span class=&#34;cl&#34;&gt;	&lt;span class=&#34;p&#34;&gt;{&lt;/span&gt;
&lt;/span&gt;&lt;/span&gt;&lt;span class=&#34;line&#34;&gt;&lt;span class=&#34;cl&#34;&gt;		&lt;span class=&#34;k&#34;&gt;if&lt;/span&gt;&lt;span class=&#34;p&#34;&gt;(&lt;/span&gt;&lt;span class=&#34;o&#34;&gt;!&lt;/span&gt;&lt;span class=&#34;n&#34;&gt;is&lt;/span&gt;&lt;span class=&#34;p&#34;&gt;[&lt;/span&gt;&lt;span class=&#34;n&#34;&gt;i&lt;/span&gt;&lt;span class=&#34;p&#34;&gt;])&lt;/span&gt;&lt;span class=&#34;c1&#34;&gt;//如果是质数
&lt;/span&gt;&lt;/span&gt;&lt;/span&gt;&lt;span class=&#34;line&#34;&gt;&lt;span class=&#34;cl&#34;&gt;&lt;span class=&#34;c1&#34;&gt;&lt;/span&gt;		&lt;span class=&#34;p&#34;&gt;{&lt;/span&gt;
&lt;/span&gt;&lt;/span&gt;&lt;span class=&#34;line&#34;&gt;&lt;span class=&#34;cl&#34;&gt;			&lt;span class=&#34;n&#34;&gt;pri&lt;/span&gt;&lt;span class=&#34;p&#34;&gt;[&lt;/span&gt;&lt;span class=&#34;o&#34;&gt;++&lt;/span&gt;&lt;span class=&#34;n&#34;&gt;cnt&lt;/span&gt;&lt;span class=&#34;p&#34;&gt;]&lt;/span&gt;&lt;span class=&#34;o&#34;&gt;=&lt;/span&gt;&lt;span class=&#34;n&#34;&gt;i&lt;/span&gt;&lt;span class=&#34;p&#34;&gt;;&lt;/span&gt;
&lt;/span&gt;&lt;/span&gt;&lt;span class=&#34;line&#34;&gt;&lt;span class=&#34;cl&#34;&gt;			&lt;span class=&#34;n&#34;&gt;num&lt;/span&gt;&lt;span class=&#34;p&#34;&gt;[&lt;/span&gt;&lt;span class=&#34;n&#34;&gt;i&lt;/span&gt;&lt;span class=&#34;p&#34;&gt;]&lt;/span&gt;&lt;span class=&#34;o&#34;&gt;=&lt;/span&gt;&lt;span class=&#34;mi&#34;&gt;1&lt;/span&gt;&lt;span class=&#34;p&#34;&gt;;&lt;/span&gt;&lt;span class=&#34;c1&#34;&gt;//它的质因子只有一个
&lt;/span&gt;&lt;/span&gt;&lt;/span&gt;&lt;span class=&#34;line&#34;&gt;&lt;span class=&#34;cl&#34;&gt;&lt;span class=&#34;c1&#34;&gt;&lt;/span&gt;			&lt;span class=&#34;n&#34;&gt;p&lt;/span&gt;&lt;span class=&#34;p&#34;&gt;[&lt;/span&gt;&lt;span class=&#34;n&#34;&gt;i&lt;/span&gt;&lt;span class=&#34;p&#34;&gt;]&lt;/span&gt;&lt;span class=&#34;o&#34;&gt;=&lt;/span&gt;&lt;span class=&#34;n&#34;&gt;i&lt;/span&gt;&lt;span class=&#34;p&#34;&gt;;&lt;/span&gt;&lt;span class=&#34;c1&#34;&gt;//它的最小质因子是它自己
&lt;/span&gt;&lt;/span&gt;&lt;/span&gt;&lt;span class=&#34;line&#34;&gt;&lt;span class=&#34;cl&#34;&gt;&lt;span class=&#34;c1&#34;&gt;&lt;/span&gt;		&lt;span class=&#34;p&#34;&gt;}&lt;/span&gt;
&lt;/span&gt;&lt;/span&gt;&lt;span class=&#34;line&#34;&gt;&lt;span class=&#34;cl&#34;&gt;		&lt;span class=&#34;k&#34;&gt;for&lt;/span&gt;&lt;span class=&#34;p&#34;&gt;(&lt;/span&gt;&lt;span class=&#34;kt&#34;&gt;int&lt;/span&gt; &lt;span class=&#34;n&#34;&gt;j&lt;/span&gt;&lt;span class=&#34;o&#34;&gt;=&lt;/span&gt;&lt;span class=&#34;mi&#34;&gt;1&lt;/span&gt;&lt;span class=&#34;p&#34;&gt;;&lt;/span&gt;&lt;span class=&#34;n&#34;&gt;j&lt;/span&gt;&lt;span class=&#34;o&#34;&gt;&amp;lt;=&lt;/span&gt;&lt;span class=&#34;n&#34;&gt;cnt&lt;/span&gt;&lt;span class=&#34;o&#34;&gt;&amp;amp;&amp;amp;&lt;/span&gt;&lt;span class=&#34;n&#34;&gt;pri&lt;/span&gt;&lt;span class=&#34;p&#34;&gt;[&lt;/span&gt;&lt;span class=&#34;n&#34;&gt;j&lt;/span&gt;&lt;span class=&#34;p&#34;&gt;]&lt;/span&gt;&lt;span class=&#34;o&#34;&gt;*&lt;/span&gt;&lt;span class=&#34;n&#34;&gt;i&lt;/span&gt;&lt;span class=&#34;o&#34;&gt;&amp;lt;=&lt;/span&gt;&lt;span class=&#34;mi&#34;&gt;20000000&lt;/span&gt;&lt;span class=&#34;o&#34;&gt;&amp;amp;&amp;amp;&lt;/span&gt;&lt;span class=&#34;n&#34;&gt;pri&lt;/span&gt;&lt;span class=&#34;p&#34;&gt;[&lt;/span&gt;&lt;span class=&#34;n&#34;&gt;j&lt;/span&gt;&lt;span class=&#34;p&#34;&gt;]&lt;/span&gt;&lt;span class=&#34;o&#34;&gt;&amp;lt;=&lt;/span&gt;&lt;span class=&#34;n&#34;&gt;p&lt;/span&gt;&lt;span class=&#34;p&#34;&gt;[&lt;/span&gt;&lt;span class=&#34;n&#34;&gt;i&lt;/span&gt;&lt;span class=&#34;p&#34;&gt;];&lt;/span&gt;&lt;span class=&#34;o&#34;&gt;++&lt;/span&gt;&lt;span class=&#34;n&#34;&gt;j&lt;/span&gt;&lt;span class=&#34;p&#34;&gt;)&lt;/span&gt;
&lt;/span&gt;&lt;/span&gt;&lt;span class=&#34;line&#34;&gt;&lt;span class=&#34;cl&#34;&gt;		&lt;span class=&#34;p&#34;&gt;{&lt;/span&gt;
&lt;/span&gt;&lt;/span&gt;&lt;span class=&#34;line&#34;&gt;&lt;span class=&#34;cl&#34;&gt;			&lt;span class=&#34;kt&#34;&gt;int&lt;/span&gt; &lt;span class=&#34;n&#34;&gt;q&lt;/span&gt;&lt;span class=&#34;o&#34;&gt;=&lt;/span&gt;&lt;span class=&#34;n&#34;&gt;pri&lt;/span&gt;&lt;span class=&#34;p&#34;&gt;[&lt;/span&gt;&lt;span class=&#34;n&#34;&gt;j&lt;/span&gt;&lt;span class=&#34;p&#34;&gt;]&lt;/span&gt;&lt;span class=&#34;o&#34;&gt;*&lt;/span&gt;&lt;span class=&#34;n&#34;&gt;i&lt;/span&gt;&lt;span class=&#34;p&#34;&gt;;&lt;/span&gt;
&lt;/span&gt;&lt;/span&gt;&lt;span class=&#34;line&#34;&gt;&lt;span class=&#34;cl&#34;&gt;			&lt;span class=&#34;n&#34;&gt;is&lt;/span&gt;&lt;span class=&#34;p&#34;&gt;[&lt;/span&gt;&lt;span class=&#34;n&#34;&gt;q&lt;/span&gt;&lt;span class=&#34;p&#34;&gt;]&lt;/span&gt;&lt;span class=&#34;o&#34;&gt;=&lt;/span&gt;&lt;span class=&#34;mi&#34;&gt;1&lt;/span&gt;&lt;span class=&#34;p&#34;&gt;;&lt;/span&gt;
&lt;/span&gt;&lt;/span&gt;&lt;span class=&#34;line&#34;&gt;&lt;span class=&#34;cl&#34;&gt;			&lt;span class=&#34;n&#34;&gt;num&lt;/span&gt;&lt;span class=&#34;p&#34;&gt;[&lt;/span&gt;&lt;span class=&#34;n&#34;&gt;q&lt;/span&gt;&lt;span class=&#34;p&#34;&gt;]&lt;/span&gt;&lt;span class=&#34;o&#34;&gt;=&lt;/span&gt;&lt;span class=&#34;n&#34;&gt;num&lt;/span&gt;&lt;span class=&#34;p&#34;&gt;[&lt;/span&gt;&lt;span class=&#34;n&#34;&gt;i&lt;/span&gt;&lt;span class=&#34;p&#34;&gt;]&lt;/span&gt;&lt;span class=&#34;o&#34;&gt;+&lt;/span&gt;&lt;span class=&#34;p&#34;&gt;(&lt;/span&gt;&lt;span class=&#34;n&#34;&gt;i&lt;/span&gt;&lt;span class=&#34;o&#34;&gt;%&lt;/span&gt;&lt;span class=&#34;n&#34;&gt;pri&lt;/span&gt;&lt;span class=&#34;p&#34;&gt;[&lt;/span&gt;&lt;span class=&#34;n&#34;&gt;j&lt;/span&gt;&lt;span class=&#34;p&#34;&gt;]&lt;/span&gt;&lt;span class=&#34;o&#34;&gt;!=&lt;/span&gt;&lt;span class=&#34;mi&#34;&gt;0&lt;/span&gt;&lt;span class=&#34;p&#34;&gt;);&lt;/span&gt;&lt;span class=&#34;c1&#34;&gt;//判断是否新增质因子
&lt;/span&gt;&lt;/span&gt;&lt;/span&gt;&lt;span class=&#34;line&#34;&gt;&lt;span class=&#34;cl&#34;&gt;&lt;span class=&#34;c1&#34;&gt;&lt;/span&gt;			&lt;span class=&#34;n&#34;&gt;p&lt;/span&gt;&lt;span class=&#34;p&#34;&gt;[&lt;/span&gt;&lt;span class=&#34;n&#34;&gt;q&lt;/span&gt;&lt;span class=&#34;p&#34;&gt;]&lt;/span&gt;&lt;span class=&#34;o&#34;&gt;=&lt;/span&gt;&lt;span class=&#34;n&#34;&gt;pri&lt;/span&gt;&lt;span class=&#34;p&#34;&gt;[&lt;/span&gt;&lt;span class=&#34;n&#34;&gt;j&lt;/span&gt;&lt;span class=&#34;p&#34;&gt;];&lt;/span&gt;
&lt;/span&gt;&lt;/span&gt;&lt;span class=&#34;line&#34;&gt;&lt;span class=&#34;cl&#34;&gt;		&lt;span class=&#34;p&#34;&gt;}&lt;/span&gt;
&lt;/span&gt;&lt;/span&gt;&lt;span class=&#34;line&#34;&gt;&lt;span class=&#34;cl&#34;&gt;	&lt;span class=&#34;p&#34;&gt;}&lt;/span&gt;
&lt;/span&gt;&lt;/span&gt;&lt;span class=&#34;line&#34;&gt;&lt;span class=&#34;cl&#34;&gt;	&lt;span class=&#34;kt&#34;&gt;int&lt;/span&gt; &lt;span class=&#34;n&#34;&gt;T&lt;/span&gt;&lt;span class=&#34;o&#34;&gt;=&lt;/span&gt;&lt;span class=&#34;n&#34;&gt;read&lt;/span&gt;&lt;span class=&#34;p&#34;&gt;();&lt;/span&gt;
&lt;/span&gt;&lt;/span&gt;&lt;span class=&#34;line&#34;&gt;&lt;span class=&#34;cl&#34;&gt;	&lt;span class=&#34;k&#34;&gt;while&lt;/span&gt;&lt;span class=&#34;p&#34;&gt;(&lt;/span&gt;&lt;span class=&#34;n&#34;&gt;T&lt;/span&gt;&lt;span class=&#34;o&#34;&gt;--&lt;/span&gt;&lt;span class=&#34;p&#34;&gt;)&lt;/span&gt;
&lt;/span&gt;&lt;/span&gt;&lt;span class=&#34;line&#34;&gt;&lt;span class=&#34;cl&#34;&gt;	&lt;span class=&#34;p&#34;&gt;{&lt;/span&gt;
&lt;/span&gt;&lt;/span&gt;&lt;span class=&#34;line&#34;&gt;&lt;span class=&#34;cl&#34;&gt;		&lt;span class=&#34;n&#34;&gt;ans&lt;/span&gt;&lt;span class=&#34;o&#34;&gt;=&lt;/span&gt;&lt;span class=&#34;mi&#34;&gt;0&lt;/span&gt;&lt;span class=&#34;p&#34;&gt;;&lt;/span&gt;
&lt;/span&gt;&lt;/span&gt;&lt;span class=&#34;line&#34;&gt;&lt;span class=&#34;cl&#34;&gt;		&lt;span class=&#34;n&#34;&gt;c&lt;/span&gt;&lt;span class=&#34;o&#34;&gt;=&lt;/span&gt;&lt;span class=&#34;n&#34;&gt;read&lt;/span&gt;&lt;span class=&#34;p&#34;&gt;();&lt;/span&gt;
&lt;/span&gt;&lt;/span&gt;&lt;span class=&#34;line&#34;&gt;&lt;span class=&#34;cl&#34;&gt;		&lt;span class=&#34;n&#34;&gt;d&lt;/span&gt;&lt;span class=&#34;o&#34;&gt;=&lt;/span&gt;&lt;span class=&#34;n&#34;&gt;read&lt;/span&gt;&lt;span class=&#34;p&#34;&gt;();&lt;/span&gt;
&lt;/span&gt;&lt;/span&gt;&lt;span class=&#34;line&#34;&gt;&lt;span class=&#34;cl&#34;&gt;		&lt;span class=&#34;n&#34;&gt;k&lt;/span&gt;&lt;span class=&#34;o&#34;&gt;=&lt;/span&gt;&lt;span class=&#34;n&#34;&gt;read&lt;/span&gt;&lt;span class=&#34;p&#34;&gt;();&lt;/span&gt;
&lt;/span&gt;&lt;/span&gt;&lt;span class=&#34;line&#34;&gt;&lt;span class=&#34;cl&#34;&gt;		&lt;span class=&#34;k&#34;&gt;for&lt;/span&gt;&lt;span class=&#34;p&#34;&gt;(&lt;/span&gt;&lt;span class=&#34;kt&#34;&gt;int&lt;/span&gt; &lt;span class=&#34;n&#34;&gt;i&lt;/span&gt;&lt;span class=&#34;o&#34;&gt;=&lt;/span&gt;&lt;span class=&#34;mi&#34;&gt;1&lt;/span&gt;&lt;span class=&#34;p&#34;&gt;;&lt;/span&gt;&lt;span class=&#34;n&#34;&gt;i&lt;/span&gt;&lt;span class=&#34;o&#34;&gt;*&lt;/span&gt;&lt;span class=&#34;n&#34;&gt;i&lt;/span&gt;&lt;span class=&#34;o&#34;&gt;&amp;lt;=&lt;/span&gt;&lt;span class=&#34;n&#34;&gt;k&lt;/span&gt;&lt;span class=&#34;p&#34;&gt;;&lt;/span&gt;&lt;span class=&#34;o&#34;&gt;++&lt;/span&gt;&lt;span class=&#34;n&#34;&gt;i&lt;/span&gt;&lt;span class=&#34;p&#34;&gt;)&lt;/span&gt;
&lt;/span&gt;&lt;/span&gt;&lt;span class=&#34;line&#34;&gt;&lt;span class=&#34;cl&#34;&gt;			&lt;span class=&#34;k&#34;&gt;if&lt;/span&gt;&lt;span class=&#34;p&#34;&gt;(&lt;/span&gt;&lt;span class=&#34;n&#34;&gt;k&lt;/span&gt;&lt;span class=&#34;o&#34;&gt;%&lt;/span&gt;&lt;span class=&#34;n&#34;&gt;i&lt;/span&gt;&lt;span class=&#34;o&#34;&gt;==&lt;/span&gt;&lt;span class=&#34;mi&#34;&gt;0&lt;/span&gt;&lt;span class=&#34;p&#34;&gt;)&lt;/span&gt;
&lt;/span&gt;&lt;/span&gt;&lt;span class=&#34;line&#34;&gt;&lt;span class=&#34;cl&#34;&gt;			&lt;span class=&#34;p&#34;&gt;{&lt;/span&gt;
&lt;/span&gt;&lt;/span&gt;&lt;span class=&#34;line&#34;&gt;&lt;span class=&#34;cl&#34;&gt;				&lt;span class=&#34;n&#34;&gt;work&lt;/span&gt;&lt;span class=&#34;p&#34;&gt;(&lt;/span&gt;&lt;span class=&#34;n&#34;&gt;i&lt;/span&gt;&lt;span class=&#34;p&#34;&gt;);&lt;/span&gt;
&lt;/span&gt;&lt;/span&gt;&lt;span class=&#34;line&#34;&gt;&lt;span class=&#34;cl&#34;&gt;				&lt;span class=&#34;k&#34;&gt;if&lt;/span&gt;&lt;span class=&#34;p&#34;&gt;(&lt;/span&gt;&lt;span class=&#34;n&#34;&gt;i&lt;/span&gt;&lt;span class=&#34;o&#34;&gt;*&lt;/span&gt;&lt;span class=&#34;n&#34;&gt;i&lt;/span&gt;&lt;span class=&#34;o&#34;&gt;!=&lt;/span&gt;&lt;span class=&#34;n&#34;&gt;k&lt;/span&gt;&lt;span class=&#34;p&#34;&gt;)&lt;/span&gt;
&lt;/span&gt;&lt;/span&gt;&lt;span class=&#34;line&#34;&gt;&lt;span class=&#34;cl&#34;&gt;					&lt;span class=&#34;n&#34;&gt;work&lt;/span&gt;&lt;span class=&#34;p&#34;&gt;(&lt;/span&gt;&lt;span class=&#34;n&#34;&gt;k&lt;/span&gt;&lt;span class=&#34;o&#34;&gt;/&lt;/span&gt;&lt;span class=&#34;n&#34;&gt;i&lt;/span&gt;&lt;span class=&#34;p&#34;&gt;);&lt;/span&gt;
&lt;/span&gt;&lt;/span&gt;&lt;span class=&#34;line&#34;&gt;&lt;span class=&#34;cl&#34;&gt;			&lt;span class=&#34;p&#34;&gt;}&lt;/span&gt;
&lt;/span&gt;&lt;/span&gt;&lt;span class=&#34;line&#34;&gt;&lt;span class=&#34;cl&#34;&gt;		&lt;span class=&#34;n&#34;&gt;printf&lt;/span&gt;&lt;span class=&#34;p&#34;&gt;(&lt;/span&gt;&lt;span class=&#34;s&#34;&gt;&amp;#34;%lld&lt;/span&gt;&lt;span class=&#34;se&#34;&gt;\n&lt;/span&gt;&lt;span class=&#34;s&#34;&gt;&amp;#34;&lt;/span&gt;&lt;span class=&#34;p&#34;&gt;,&lt;/span&gt;&lt;span class=&#34;n&#34;&gt;ans&lt;/span&gt;&lt;span class=&#34;p&#34;&gt;);&lt;/span&gt;
&lt;/span&gt;&lt;/span&gt;&lt;span class=&#34;line&#34;&gt;&lt;span class=&#34;cl&#34;&gt;	 &lt;span class=&#34;p&#34;&gt;}&lt;/span&gt; 
&lt;/span&gt;&lt;/span&gt;&lt;span class=&#34;line&#34;&gt;&lt;span class=&#34;cl&#34;&gt;	&lt;span class=&#34;k&#34;&gt;return&lt;/span&gt; &lt;span class=&#34;mi&#34;&gt;0&lt;/span&gt;&lt;span class=&#34;p&#34;&gt;;&lt;/span&gt;
&lt;/span&gt;&lt;/span&gt;&lt;span class=&#34;line&#34;&gt;&lt;span class=&#34;cl&#34;&gt;&lt;span class=&#34;p&#34;&gt;}&lt;/span&gt;
&lt;/span&gt;&lt;/span&gt;&lt;/code&gt;&lt;/pre&gt;&lt;/div&gt;</description>
    </item>
    
    <item>
      <title>Solution-CF102780D Power play【数学】【二分】【快速幂】</title>
      <link>https://wjy-yy.github.io/post/cf102780d/</link>
      <pubDate>Thu, 04 Feb 2021 19:14:00 +0000</pubDate>
      <guid>https://wjy-yy.github.io/post/cf102780d/</guid>
      <description>&lt;p&gt;题目来自“ICPC Central Russia Regional Contest (CRRC 19)”，&lt;/p&gt;
&lt;p&gt;终于有用高中/大学学到的知识能做的题了。&lt;/p&gt;
&lt;blockquote&gt;
&lt;h2 id=&#34;description&#34;&gt;Description&lt;/h2&gt;
&lt;p&gt;While analyzing a mathematical problem, a programmer, Basil by name, noticed an interesting fact: for the numbers $2$ and $4$ holds the equality $2^4=4^2$. &amp;lsquo;This could be a great challenge for the participants of the programming championship,&amp;rsquo; he thought. Unfortunately, Basil could not find other such pairs of numbers, the pair $2$ and $4$ was his only combination that he could think of. &amp;lsquo;Okay, then we&amp;rsquo;ll change the conditions, let there be three numbers,&amp;rsquo; Basil decided. The written program of enumeration options confirmed that with three numbers the task made sense.&lt;/p&gt;
&lt;/blockquote&gt;
&lt;blockquote&gt;
&lt;p&gt;Your task: find the integer $x$ by the given integers $a$ and $b$ such that falls in the range from $1$ to $10^{18}$ (Basil&amp;rsquo;s program didn&amp;rsquo;t deal with greater numbers) such that $a^x=x^b$. If there are several such numbers, type the smaller of them. If such a number does not exist, type $0$.&lt;/p&gt;
&lt;/blockquote&gt;
&lt;blockquote&gt;
&lt;h2 id=&#34;input&#34;&gt;Input&lt;/h2&gt;
&lt;p&gt;The input data consist of two integers $a$ and $b (2\le a,b\le 10000; a\ne b)$, separated by a blank space.&lt;/p&gt;
&lt;/blockquote&gt;
&lt;blockquote&gt;
&lt;h2 id=&#34;output&#34;&gt;Output&lt;/h2&gt;
&lt;p&gt;The integer $x$ if there is a solution, or $0$ (zero) if there is no solution.&lt;/p&gt;
&lt;/blockquote&gt;
&lt;h2 id=&#34;题目大意&#34;&gt;题目大意&lt;/h2&gt;
&lt;p&gt;给定 $a,b(1\le a,b\le 10000)$，问是否存在 $x(1\le x\le 10^{18})$，使得 $a^x=x^b$，并输出 $x$。&lt;/p&gt;
&lt;h2 id=&#34;题解&#34;&gt;题解&lt;/h2&gt;
&lt;p&gt;一开始想到的是二次剩余之类的算法，还有数论。&lt;/p&gt;
&lt;p&gt;但是既然 $x$ 是唯一的未知数，我们可以把它解出来。&lt;/p&gt;
&lt;p&gt;$$
\begin{aligned}
a^x&amp;amp;=x^b\\
x\ln a&amp;amp;=b\ln x\\
\frac{x}{\ln x}&amp;amp;=\frac{b}{\ln a}
\end{aligned}
$$&lt;/p&gt;
&lt;p&gt;而 $y=\frac x{\ln x}(x\in[1,+\infty))$ 的图像如下：&lt;/p&gt;
&lt;p&gt;















&lt;figure  &gt;
  &lt;div class=&#34;d-flex justify-content-center&#34;&gt;
    &lt;div class=&#34;w-100&#34; &gt;&lt;img alt=&#34;x/lnx&#34; srcset=&#34;
               /post/cf102780d/IMG_4131_hu86583f69e275a7fe4454634435a1d1a3_44571_d08bce09b14cf3e5fd66a3617070266e.webp 400w,
               /post/cf102780d/IMG_4131_hu86583f69e275a7fe4454634435a1d1a3_44571_e64c8d3c3263437ed027ec013694ba0e.webp 760w,
               /post/cf102780d/IMG_4131_hu86583f69e275a7fe4454634435a1d1a3_44571_1200x1200_fit_q75_h2_lanczos_3.webp 1200w&#34;
               src=&#34;https://wjy-yy.github.io/post/cf102780d/IMG_4131_hu86583f69e275a7fe4454634435a1d1a3_44571_d08bce09b14cf3e5fd66a3617070266e.webp&#34;
               width=&#34;540&#34;
               height=&#34;760&#34;
               loading=&#34;lazy&#34; data-zoomable /&gt;&lt;/div&gt;
  &lt;/div&gt;&lt;/figure&gt;
&lt;/p&gt;
&lt;p&gt;因为 $x\in[1,+\infty)$，$y=\frac x{\ln x}$ 在 $(1,\mathrm e)$ 减，$(\mathrm e,+\infty)$ 增，若 $x=1$ 或 $x=2$ 满足条件，则优先输出（题目要求多解输出较小的）；同时由于 $a\ne b$，$x\ne 1$。如果没有，就可以在 $[3,+\infty)$ 这个单调区间进行二分找出 $x$。二分的 $\varepsilon=10^{-8}$。&lt;/p&gt;
&lt;p&gt;最终的验证环节有一点复杂，一开始想的是最终结果如果与最近的整数相差不超过 $10^{-5}$，$x$ 就是这个整数。但是这样仍然会有精度问题。&lt;/p&gt;
&lt;p&gt;最后回到了题目本身，验证 $a^x=x^b$ 即可，用快速幂对 $1000000007$ 取模。如果不放心还可以双哈希。时间复杂度 $O(\log(10^{18}))$。&lt;/p&gt;
&lt;h2 id=&#34;code&#34;&gt;Code：&lt;/h2&gt;
&lt;div class=&#34;highlight&#34;&gt;&lt;pre tabindex=&#34;0&#34; class=&#34;chroma&#34;&gt;&lt;code class=&#34;language-cpp&#34; data-lang=&#34;cpp&#34;&gt;&lt;span class=&#34;line&#34;&gt;&lt;span class=&#34;cl&#34;&gt;&lt;span class=&#34;cp&#34;&gt;#include&lt;/span&gt;&lt;span class=&#34;cpf&#34;&gt;&amp;lt;iostream&amp;gt;&lt;/span&gt;&lt;span class=&#34;cp&#34;&gt;
&lt;/span&gt;&lt;/span&gt;&lt;/span&gt;&lt;span class=&#34;line&#34;&gt;&lt;span class=&#34;cl&#34;&gt;&lt;span class=&#34;cp&#34;&gt;#include&lt;/span&gt;&lt;span class=&#34;cpf&#34;&gt;&amp;lt;map&amp;gt;&lt;/span&gt;&lt;span class=&#34;cp&#34;&gt;
&lt;/span&gt;&lt;/span&gt;&lt;/span&gt;&lt;span class=&#34;line&#34;&gt;&lt;span class=&#34;cl&#34;&gt;&lt;span class=&#34;cp&#34;&gt;#include&lt;/span&gt;&lt;span class=&#34;cpf&#34;&gt;&amp;lt;algorithm&amp;gt;&lt;/span&gt;&lt;span class=&#34;cp&#34;&gt;
&lt;/span&gt;&lt;/span&gt;&lt;/span&gt;&lt;span class=&#34;line&#34;&gt;&lt;span class=&#34;cl&#34;&gt;&lt;span class=&#34;cp&#34;&gt;#include&lt;/span&gt;&lt;span class=&#34;cpf&#34;&gt;&amp;lt;vector&amp;gt;&lt;/span&gt;&lt;span class=&#34;cp&#34;&gt;
&lt;/span&gt;&lt;/span&gt;&lt;/span&gt;&lt;span class=&#34;line&#34;&gt;&lt;span class=&#34;cl&#34;&gt;&lt;span class=&#34;cp&#34;&gt;#include&lt;/span&gt;&lt;span class=&#34;cpf&#34;&gt;&amp;lt;queue&amp;gt;&lt;/span&gt;&lt;span class=&#34;cp&#34;&gt;
&lt;/span&gt;&lt;/span&gt;&lt;/span&gt;&lt;span class=&#34;line&#34;&gt;&lt;span class=&#34;cl&#34;&gt;&lt;span class=&#34;cp&#34;&gt;#include&lt;/span&gt;&lt;span class=&#34;cpf&#34;&gt;&amp;lt;cstring&amp;gt;&lt;/span&gt;&lt;span class=&#34;cp&#34;&gt;
&lt;/span&gt;&lt;/span&gt;&lt;/span&gt;&lt;span class=&#34;line&#34;&gt;&lt;span class=&#34;cl&#34;&gt;&lt;span class=&#34;cp&#34;&gt;#include&lt;/span&gt;&lt;span class=&#34;cpf&#34;&gt;&amp;lt;cmath&amp;gt;&lt;/span&gt;&lt;span class=&#34;cp&#34;&gt;
&lt;/span&gt;&lt;/span&gt;&lt;/span&gt;&lt;span class=&#34;line&#34;&gt;&lt;span class=&#34;cl&#34;&gt;&lt;span class=&#34;cp&#34;&gt;#include&lt;/span&gt;&lt;span class=&#34;cpf&#34;&gt;&amp;lt;bitset&amp;gt;&lt;/span&gt;&lt;span class=&#34;cp&#34;&gt;
&lt;/span&gt;&lt;/span&gt;&lt;/span&gt;&lt;span class=&#34;line&#34;&gt;&lt;span class=&#34;cl&#34;&gt;&lt;span class=&#34;cp&#34;&gt;&lt;/span&gt;&lt;span class=&#34;k&#34;&gt;using&lt;/span&gt; &lt;span class=&#34;k&#34;&gt;namespace&lt;/span&gt; &lt;span class=&#34;n&#34;&gt;std&lt;/span&gt;&lt;span class=&#34;p&#34;&gt;;&lt;/span&gt;
&lt;/span&gt;&lt;/span&gt;&lt;span class=&#34;line&#34;&gt;&lt;span class=&#34;cl&#34;&gt;&lt;span class=&#34;cp&#34;&gt;#define ls (k&amp;lt;&amp;lt;1)
&lt;/span&gt;&lt;/span&gt;&lt;/span&gt;&lt;span class=&#34;line&#34;&gt;&lt;span class=&#34;cl&#34;&gt;&lt;span class=&#34;cp&#34;&gt;#define rs (k&amp;lt;&amp;lt;1|1)
&lt;/span&gt;&lt;/span&gt;&lt;/span&gt;&lt;span class=&#34;line&#34;&gt;&lt;span class=&#34;cl&#34;&gt;&lt;span class=&#34;cp&#34;&gt;&lt;/span&gt;&lt;span class=&#34;c1&#34;&gt;//#define mid ((l+r)&amp;gt;&amp;gt;1)
&lt;/span&gt;&lt;/span&gt;&lt;/span&gt;&lt;span class=&#34;line&#34;&gt;&lt;span class=&#34;cl&#34;&gt;&lt;span class=&#34;c1&#34;&gt;&lt;/span&gt;&lt;span class=&#34;cp&#34;&gt;#define ll long long
&lt;/span&gt;&lt;/span&gt;&lt;/span&gt;&lt;span class=&#34;line&#34;&gt;&lt;span class=&#34;cl&#34;&gt;&lt;span class=&#34;cp&#34;&gt;#define eps 1e-7
&lt;/span&gt;&lt;/span&gt;&lt;/span&gt;&lt;span class=&#34;line&#34;&gt;&lt;span class=&#34;cl&#34;&gt;&lt;span class=&#34;cp&#34;&gt;&lt;/span&gt;&lt;span class=&#34;kt&#34;&gt;int&lt;/span&gt; &lt;span class=&#34;nf&#34;&gt;gcd&lt;/span&gt;&lt;span class=&#34;p&#34;&gt;(&lt;/span&gt;&lt;span class=&#34;kt&#34;&gt;int&lt;/span&gt; &lt;span class=&#34;n&#34;&gt;x&lt;/span&gt;&lt;span class=&#34;p&#34;&gt;,&lt;/span&gt;&lt;span class=&#34;kt&#34;&gt;int&lt;/span&gt; &lt;span class=&#34;n&#34;&gt;y&lt;/span&gt;&lt;span class=&#34;p&#34;&gt;)&lt;/span&gt;
&lt;/span&gt;&lt;/span&gt;&lt;span class=&#34;line&#34;&gt;&lt;span class=&#34;cl&#34;&gt;&lt;span class=&#34;p&#34;&gt;{&lt;/span&gt;
&lt;/span&gt;&lt;/span&gt;&lt;span class=&#34;line&#34;&gt;&lt;span class=&#34;cl&#34;&gt;	&lt;span class=&#34;k&#34;&gt;while&lt;/span&gt;&lt;span class=&#34;p&#34;&gt;(&lt;/span&gt;&lt;span class=&#34;n&#34;&gt;y&lt;/span&gt;&lt;span class=&#34;p&#34;&gt;)&lt;/span&gt;
&lt;/span&gt;&lt;/span&gt;&lt;span class=&#34;line&#34;&gt;&lt;span class=&#34;cl&#34;&gt;	&lt;span class=&#34;p&#34;&gt;{&lt;/span&gt;
&lt;/span&gt;&lt;/span&gt;&lt;span class=&#34;line&#34;&gt;&lt;span class=&#34;cl&#34;&gt;		&lt;span class=&#34;kt&#34;&gt;int&lt;/span&gt; &lt;span class=&#34;n&#34;&gt;t&lt;/span&gt;&lt;span class=&#34;o&#34;&gt;=&lt;/span&gt;&lt;span class=&#34;n&#34;&gt;x&lt;/span&gt;&lt;span class=&#34;o&#34;&gt;%&lt;/span&gt;&lt;span class=&#34;n&#34;&gt;y&lt;/span&gt;&lt;span class=&#34;p&#34;&gt;;&lt;/span&gt;
&lt;/span&gt;&lt;/span&gt;&lt;span class=&#34;line&#34;&gt;&lt;span class=&#34;cl&#34;&gt;		&lt;span class=&#34;n&#34;&gt;x&lt;/span&gt;&lt;span class=&#34;o&#34;&gt;=&lt;/span&gt;&lt;span class=&#34;n&#34;&gt;y&lt;/span&gt;&lt;span class=&#34;p&#34;&gt;;&lt;/span&gt;
&lt;/span&gt;&lt;/span&gt;&lt;span class=&#34;line&#34;&gt;&lt;span class=&#34;cl&#34;&gt;		&lt;span class=&#34;n&#34;&gt;y&lt;/span&gt;&lt;span class=&#34;o&#34;&gt;=&lt;/span&gt;&lt;span class=&#34;n&#34;&gt;t&lt;/span&gt;&lt;span class=&#34;p&#34;&gt;;&lt;/span&gt;
&lt;/span&gt;&lt;/span&gt;&lt;span class=&#34;line&#34;&gt;&lt;span class=&#34;cl&#34;&gt;	&lt;span class=&#34;p&#34;&gt;}&lt;/span&gt;
&lt;/span&gt;&lt;/span&gt;&lt;span class=&#34;line&#34;&gt;&lt;span class=&#34;cl&#34;&gt;	&lt;span class=&#34;k&#34;&gt;return&lt;/span&gt; &lt;span class=&#34;n&#34;&gt;x&lt;/span&gt;&lt;span class=&#34;p&#34;&gt;;&lt;/span&gt;
&lt;/span&gt;&lt;/span&gt;&lt;span class=&#34;line&#34;&gt;&lt;span class=&#34;cl&#34;&gt;&lt;span class=&#34;p&#34;&gt;}&lt;/span&gt;
&lt;/span&gt;&lt;/span&gt;&lt;span class=&#34;line&#34;&gt;&lt;span class=&#34;cl&#34;&gt;&lt;span class=&#34;kt&#34;&gt;int&lt;/span&gt; &lt;span class=&#34;n&#34;&gt;cnt&lt;/span&gt;&lt;span class=&#34;p&#34;&gt;[&lt;/span&gt;&lt;span class=&#34;mi&#34;&gt;1010&lt;/span&gt;&lt;span class=&#34;p&#34;&gt;];&lt;/span&gt;
&lt;/span&gt;&lt;/span&gt;&lt;span class=&#34;line&#34;&gt;&lt;span class=&#34;cl&#34;&gt;&lt;span class=&#34;kt&#34;&gt;char&lt;/span&gt; &lt;span class=&#34;n&#34;&gt;s&lt;/span&gt;&lt;span class=&#34;p&#34;&gt;[&lt;/span&gt;&lt;span class=&#34;mi&#34;&gt;10010&lt;/span&gt;&lt;span class=&#34;p&#34;&gt;];&lt;/span&gt;
&lt;/span&gt;&lt;/span&gt;&lt;span class=&#34;line&#34;&gt;&lt;span class=&#34;cl&#34;&gt;&lt;span class=&#34;k&#34;&gt;const&lt;/span&gt; &lt;span class=&#34;n&#34;&gt;ll&lt;/span&gt; &lt;span class=&#34;n&#34;&gt;p&lt;/span&gt;&lt;span class=&#34;o&#34;&gt;=&lt;/span&gt;&lt;span class=&#34;mi&#34;&gt;1000000007&lt;/span&gt;&lt;span class=&#34;p&#34;&gt;;&lt;/span&gt;
&lt;/span&gt;&lt;/span&gt;&lt;span class=&#34;line&#34;&gt;&lt;span class=&#34;cl&#34;&gt;&lt;span class=&#34;n&#34;&gt;ll&lt;/span&gt; &lt;span class=&#34;nf&#34;&gt;qpow&lt;/span&gt;&lt;span class=&#34;p&#34;&gt;(&lt;/span&gt;&lt;span class=&#34;n&#34;&gt;ll&lt;/span&gt; &lt;span class=&#34;n&#34;&gt;x&lt;/span&gt;&lt;span class=&#34;p&#34;&gt;,&lt;/span&gt;&lt;span class=&#34;n&#34;&gt;ll&lt;/span&gt; &lt;span class=&#34;n&#34;&gt;y&lt;/span&gt;&lt;span class=&#34;p&#34;&gt;)&lt;/span&gt;
&lt;/span&gt;&lt;/span&gt;&lt;span class=&#34;line&#34;&gt;&lt;span class=&#34;cl&#34;&gt;&lt;span class=&#34;p&#34;&gt;{&lt;/span&gt;
&lt;/span&gt;&lt;/span&gt;&lt;span class=&#34;line&#34;&gt;&lt;span class=&#34;cl&#34;&gt;	&lt;span class=&#34;n&#34;&gt;ll&lt;/span&gt; &lt;span class=&#34;n&#34;&gt;ans&lt;/span&gt;&lt;span class=&#34;o&#34;&gt;=&lt;/span&gt;&lt;span class=&#34;mi&#34;&gt;1&lt;/span&gt;&lt;span class=&#34;p&#34;&gt;;&lt;/span&gt;
&lt;/span&gt;&lt;/span&gt;&lt;span class=&#34;line&#34;&gt;&lt;span class=&#34;cl&#34;&gt;	&lt;span class=&#34;k&#34;&gt;while&lt;/span&gt;&lt;span class=&#34;p&#34;&gt;(&lt;/span&gt;&lt;span class=&#34;n&#34;&gt;y&lt;/span&gt;&lt;span class=&#34;p&#34;&gt;)&lt;/span&gt;
&lt;/span&gt;&lt;/span&gt;&lt;span class=&#34;line&#34;&gt;&lt;span class=&#34;cl&#34;&gt;	&lt;span class=&#34;p&#34;&gt;{&lt;/span&gt;
&lt;/span&gt;&lt;/span&gt;&lt;span class=&#34;line&#34;&gt;&lt;span class=&#34;cl&#34;&gt;		&lt;span class=&#34;k&#34;&gt;if&lt;/span&gt;&lt;span class=&#34;p&#34;&gt;(&lt;/span&gt;&lt;span class=&#34;n&#34;&gt;y&lt;/span&gt;&lt;span class=&#34;o&#34;&gt;&amp;amp;&lt;/span&gt;&lt;span class=&#34;mi&#34;&gt;1&lt;/span&gt;&lt;span class=&#34;p&#34;&gt;)&lt;/span&gt;
&lt;/span&gt;&lt;/span&gt;&lt;span class=&#34;line&#34;&gt;&lt;span class=&#34;cl&#34;&gt;			&lt;span class=&#34;n&#34;&gt;ans&lt;/span&gt;&lt;span class=&#34;o&#34;&gt;=&lt;/span&gt;&lt;span class=&#34;n&#34;&gt;ans&lt;/span&gt;&lt;span class=&#34;o&#34;&gt;*&lt;/span&gt;&lt;span class=&#34;n&#34;&gt;x&lt;/span&gt;&lt;span class=&#34;o&#34;&gt;%&lt;/span&gt;&lt;span class=&#34;n&#34;&gt;p&lt;/span&gt;&lt;span class=&#34;p&#34;&gt;;&lt;/span&gt;
&lt;/span&gt;&lt;/span&gt;&lt;span class=&#34;line&#34;&gt;&lt;span class=&#34;cl&#34;&gt;		&lt;span class=&#34;n&#34;&gt;x&lt;/span&gt;&lt;span class=&#34;o&#34;&gt;=&lt;/span&gt;&lt;span class=&#34;n&#34;&gt;x&lt;/span&gt;&lt;span class=&#34;o&#34;&gt;*&lt;/span&gt;&lt;span class=&#34;n&#34;&gt;x&lt;/span&gt;&lt;span class=&#34;o&#34;&gt;%&lt;/span&gt;&lt;span class=&#34;n&#34;&gt;p&lt;/span&gt;&lt;span class=&#34;p&#34;&gt;;&lt;/span&gt;
&lt;/span&gt;&lt;/span&gt;&lt;span class=&#34;line&#34;&gt;&lt;span class=&#34;cl&#34;&gt;		&lt;span class=&#34;n&#34;&gt;y&lt;/span&gt;&lt;span class=&#34;o&#34;&gt;&amp;gt;&amp;gt;=&lt;/span&gt;&lt;span class=&#34;mi&#34;&gt;1&lt;/span&gt;&lt;span class=&#34;p&#34;&gt;;&lt;/span&gt;
&lt;/span&gt;&lt;/span&gt;&lt;span class=&#34;line&#34;&gt;&lt;span class=&#34;cl&#34;&gt;	&lt;span class=&#34;p&#34;&gt;}&lt;/span&gt;
&lt;/span&gt;&lt;/span&gt;&lt;span class=&#34;line&#34;&gt;&lt;span class=&#34;cl&#34;&gt;	&lt;span class=&#34;k&#34;&gt;return&lt;/span&gt; &lt;span class=&#34;n&#34;&gt;ans&lt;/span&gt;&lt;span class=&#34;p&#34;&gt;;&lt;/span&gt;
&lt;/span&gt;&lt;/span&gt;&lt;span class=&#34;line&#34;&gt;&lt;span class=&#34;cl&#34;&gt;&lt;span class=&#34;p&#34;&gt;}&lt;/span&gt;
&lt;/span&gt;&lt;/span&gt;&lt;span class=&#34;line&#34;&gt;&lt;span class=&#34;cl&#34;&gt;&lt;span class=&#34;kt&#34;&gt;int&lt;/span&gt; &lt;span class=&#34;nf&#34;&gt;main&lt;/span&gt;&lt;span class=&#34;p&#34;&gt;()&lt;/span&gt;
&lt;/span&gt;&lt;/span&gt;&lt;span class=&#34;line&#34;&gt;&lt;span class=&#34;cl&#34;&gt;&lt;span class=&#34;p&#34;&gt;{&lt;/span&gt;
&lt;/span&gt;&lt;/span&gt;&lt;span class=&#34;line&#34;&gt;&lt;span class=&#34;cl&#34;&gt;	&lt;span class=&#34;kt&#34;&gt;int&lt;/span&gt; &lt;span class=&#34;n&#34;&gt;a&lt;/span&gt;&lt;span class=&#34;p&#34;&gt;,&lt;/span&gt;&lt;span class=&#34;n&#34;&gt;b&lt;/span&gt;&lt;span class=&#34;p&#34;&gt;;&lt;/span&gt;
&lt;/span&gt;&lt;/span&gt;&lt;span class=&#34;line&#34;&gt;&lt;span class=&#34;cl&#34;&gt;	&lt;span class=&#34;n&#34;&gt;scanf&lt;/span&gt;&lt;span class=&#34;p&#34;&gt;(&lt;/span&gt;&lt;span class=&#34;s&#34;&gt;&amp;#34;%d%d&amp;#34;&lt;/span&gt;&lt;span class=&#34;p&#34;&gt;,&lt;/span&gt;&lt;span class=&#34;o&#34;&gt;&amp;amp;&lt;/span&gt;&lt;span class=&#34;n&#34;&gt;a&lt;/span&gt;&lt;span class=&#34;p&#34;&gt;,&lt;/span&gt;&lt;span class=&#34;o&#34;&gt;&amp;amp;&lt;/span&gt;&lt;span class=&#34;n&#34;&gt;b&lt;/span&gt;&lt;span class=&#34;p&#34;&gt;);&lt;/span&gt;
&lt;/span&gt;&lt;/span&gt;&lt;span class=&#34;line&#34;&gt;&lt;span class=&#34;cl&#34;&gt;	&lt;span class=&#34;k&#34;&gt;if&lt;/span&gt;&lt;span class=&#34;p&#34;&gt;((&lt;/span&gt;&lt;span class=&#34;mi&#34;&gt;1ll&lt;/span&gt;&lt;span class=&#34;o&#34;&gt;&amp;lt;&amp;lt;&lt;/span&gt;&lt;span class=&#34;n&#34;&gt;b&lt;/span&gt;&lt;span class=&#34;p&#34;&gt;)&lt;/span&gt;&lt;span class=&#34;o&#34;&gt;==&lt;/span&gt;&lt;span class=&#34;mi&#34;&gt;1ll&lt;/span&gt;&lt;span class=&#34;o&#34;&gt;*&lt;/span&gt;&lt;span class=&#34;n&#34;&gt;a&lt;/span&gt;&lt;span class=&#34;o&#34;&gt;*&lt;/span&gt;&lt;span class=&#34;n&#34;&gt;a&lt;/span&gt;&lt;span class=&#34;p&#34;&gt;)&lt;/span&gt;
&lt;/span&gt;&lt;/span&gt;&lt;span class=&#34;line&#34;&gt;&lt;span class=&#34;cl&#34;&gt;	&lt;span class=&#34;p&#34;&gt;{&lt;/span&gt;
&lt;/span&gt;&lt;/span&gt;&lt;span class=&#34;line&#34;&gt;&lt;span class=&#34;cl&#34;&gt;		&lt;span class=&#34;n&#34;&gt;puts&lt;/span&gt;&lt;span class=&#34;p&#34;&gt;(&lt;/span&gt;&lt;span class=&#34;s&#34;&gt;&amp;#34;2&amp;#34;&lt;/span&gt;&lt;span class=&#34;p&#34;&gt;);&lt;/span&gt;
&lt;/span&gt;&lt;/span&gt;&lt;span class=&#34;line&#34;&gt;&lt;span class=&#34;cl&#34;&gt;		&lt;span class=&#34;k&#34;&gt;return&lt;/span&gt; &lt;span class=&#34;mi&#34;&gt;0&lt;/span&gt;&lt;span class=&#34;p&#34;&gt;;&lt;/span&gt;
&lt;/span&gt;&lt;/span&gt;&lt;span class=&#34;line&#34;&gt;&lt;span class=&#34;cl&#34;&gt;	&lt;span class=&#34;p&#34;&gt;}&lt;/span&gt;
&lt;/span&gt;&lt;/span&gt;&lt;span class=&#34;line&#34;&gt;&lt;span class=&#34;cl&#34;&gt;	&lt;span class=&#34;kt&#34;&gt;double&lt;/span&gt; &lt;span class=&#34;n&#34;&gt;t&lt;/span&gt;&lt;span class=&#34;o&#34;&gt;=&lt;/span&gt;&lt;span class=&#34;n&#34;&gt;b&lt;/span&gt;&lt;span class=&#34;o&#34;&gt;/&lt;/span&gt;&lt;span class=&#34;n&#34;&gt;log&lt;/span&gt;&lt;span class=&#34;p&#34;&gt;(&lt;/span&gt;&lt;span class=&#34;n&#34;&gt;a&lt;/span&gt;&lt;span class=&#34;p&#34;&gt;);&lt;/span&gt;
&lt;/span&gt;&lt;/span&gt;&lt;span class=&#34;line&#34;&gt;&lt;span class=&#34;cl&#34;&gt;	&lt;span class=&#34;kt&#34;&gt;double&lt;/span&gt; &lt;span class=&#34;n&#34;&gt;l&lt;/span&gt;&lt;span class=&#34;o&#34;&gt;=&lt;/span&gt;&lt;span class=&#34;n&#34;&gt;exp&lt;/span&gt;&lt;span class=&#34;p&#34;&gt;(&lt;/span&gt;&lt;span class=&#34;mi&#34;&gt;1&lt;/span&gt;&lt;span class=&#34;p&#34;&gt;),&lt;/span&gt;&lt;span class=&#34;n&#34;&gt;r&lt;/span&gt;&lt;span class=&#34;o&#34;&gt;=&lt;/span&gt;&lt;span class=&#34;mf&#34;&gt;1e18&lt;/span&gt;&lt;span class=&#34;p&#34;&gt;;&lt;/span&gt;
&lt;/span&gt;&lt;/span&gt;&lt;span class=&#34;line&#34;&gt;&lt;span class=&#34;cl&#34;&gt;	&lt;span class=&#34;k&#34;&gt;while&lt;/span&gt;&lt;span class=&#34;p&#34;&gt;(&lt;/span&gt;&lt;span class=&#34;n&#34;&gt;r&lt;/span&gt;&lt;span class=&#34;o&#34;&gt;-&lt;/span&gt;&lt;span class=&#34;n&#34;&gt;l&lt;/span&gt;&lt;span class=&#34;o&#34;&gt;&amp;gt;&lt;/span&gt;&lt;span class=&#34;mf&#34;&gt;1e-8&lt;/span&gt;&lt;span class=&#34;p&#34;&gt;)&lt;/span&gt;
&lt;/span&gt;&lt;/span&gt;&lt;span class=&#34;line&#34;&gt;&lt;span class=&#34;cl&#34;&gt;	&lt;span class=&#34;p&#34;&gt;{&lt;/span&gt;
&lt;/span&gt;&lt;/span&gt;&lt;span class=&#34;line&#34;&gt;&lt;span class=&#34;cl&#34;&gt;		&lt;span class=&#34;kt&#34;&gt;double&lt;/span&gt; &lt;span class=&#34;n&#34;&gt;mid&lt;/span&gt;&lt;span class=&#34;o&#34;&gt;=&lt;/span&gt;&lt;span class=&#34;p&#34;&gt;(&lt;/span&gt;&lt;span class=&#34;n&#34;&gt;l&lt;/span&gt;&lt;span class=&#34;o&#34;&gt;+&lt;/span&gt;&lt;span class=&#34;n&#34;&gt;r&lt;/span&gt;&lt;span class=&#34;p&#34;&gt;)&lt;/span&gt;&lt;span class=&#34;o&#34;&gt;/&lt;/span&gt;&lt;span class=&#34;mi&#34;&gt;2&lt;/span&gt;&lt;span class=&#34;p&#34;&gt;;&lt;/span&gt;
&lt;/span&gt;&lt;/span&gt;&lt;span class=&#34;line&#34;&gt;&lt;span class=&#34;cl&#34;&gt;		&lt;span class=&#34;kt&#34;&gt;double&lt;/span&gt; &lt;span class=&#34;n&#34;&gt;tt&lt;/span&gt;&lt;span class=&#34;o&#34;&gt;=&lt;/span&gt;&lt;span class=&#34;n&#34;&gt;mid&lt;/span&gt;&lt;span class=&#34;o&#34;&gt;/&lt;/span&gt;&lt;span class=&#34;n&#34;&gt;log&lt;/span&gt;&lt;span class=&#34;p&#34;&gt;(&lt;/span&gt;&lt;span class=&#34;n&#34;&gt;mid&lt;/span&gt;&lt;span class=&#34;p&#34;&gt;);&lt;/span&gt;
&lt;/span&gt;&lt;/span&gt;&lt;span class=&#34;line&#34;&gt;&lt;span class=&#34;cl&#34;&gt;		&lt;span class=&#34;k&#34;&gt;if&lt;/span&gt;&lt;span class=&#34;p&#34;&gt;(&lt;/span&gt;&lt;span class=&#34;n&#34;&gt;tt&lt;/span&gt;&lt;span class=&#34;o&#34;&gt;&amp;lt;&lt;/span&gt;&lt;span class=&#34;n&#34;&gt;t&lt;/span&gt;&lt;span class=&#34;p&#34;&gt;)&lt;/span&gt;
&lt;/span&gt;&lt;/span&gt;&lt;span class=&#34;line&#34;&gt;&lt;span class=&#34;cl&#34;&gt;			&lt;span class=&#34;n&#34;&gt;l&lt;/span&gt;&lt;span class=&#34;o&#34;&gt;=&lt;/span&gt;&lt;span class=&#34;n&#34;&gt;mid&lt;/span&gt;&lt;span class=&#34;p&#34;&gt;;&lt;/span&gt;
&lt;/span&gt;&lt;/span&gt;&lt;span class=&#34;line&#34;&gt;&lt;span class=&#34;cl&#34;&gt;		&lt;span class=&#34;k&#34;&gt;else&lt;/span&gt;
&lt;/span&gt;&lt;/span&gt;&lt;span class=&#34;line&#34;&gt;&lt;span class=&#34;cl&#34;&gt;			&lt;span class=&#34;n&#34;&gt;r&lt;/span&gt;&lt;span class=&#34;o&#34;&gt;=&lt;/span&gt;&lt;span class=&#34;n&#34;&gt;mid&lt;/span&gt;&lt;span class=&#34;p&#34;&gt;;&lt;/span&gt;
&lt;/span&gt;&lt;/span&gt;&lt;span class=&#34;line&#34;&gt;&lt;span class=&#34;cl&#34;&gt;	&lt;span class=&#34;p&#34;&gt;}&lt;/span&gt;
&lt;/span&gt;&lt;/span&gt;&lt;span class=&#34;line&#34;&gt;&lt;span class=&#34;cl&#34;&gt;	&lt;span class=&#34;n&#34;&gt;ll&lt;/span&gt; &lt;span class=&#34;n&#34;&gt;i&lt;/span&gt;&lt;span class=&#34;o&#34;&gt;=&lt;/span&gt;&lt;span class=&#34;n&#34;&gt;floor&lt;/span&gt;&lt;span class=&#34;p&#34;&gt;(&lt;/span&gt;&lt;span class=&#34;n&#34;&gt;l&lt;/span&gt;&lt;span class=&#34;o&#34;&gt;+&lt;/span&gt;&lt;span class=&#34;mf&#34;&gt;.5&lt;/span&gt;&lt;span class=&#34;p&#34;&gt;);&lt;/span&gt;
&lt;/span&gt;&lt;/span&gt;&lt;span class=&#34;line&#34;&gt;&lt;span class=&#34;cl&#34;&gt;	&lt;span class=&#34;k&#34;&gt;if&lt;/span&gt;&lt;span class=&#34;p&#34;&gt;(&lt;/span&gt;&lt;span class=&#34;n&#34;&gt;qpow&lt;/span&gt;&lt;span class=&#34;p&#34;&gt;(&lt;/span&gt;&lt;span class=&#34;n&#34;&gt;a&lt;/span&gt;&lt;span class=&#34;p&#34;&gt;,&lt;/span&gt;&lt;span class=&#34;n&#34;&gt;i&lt;/span&gt;&lt;span class=&#34;p&#34;&gt;)&lt;/span&gt;&lt;span class=&#34;o&#34;&gt;==&lt;/span&gt;&lt;span class=&#34;n&#34;&gt;qpow&lt;/span&gt;&lt;span class=&#34;p&#34;&gt;(&lt;/span&gt;&lt;span class=&#34;n&#34;&gt;i&lt;/span&gt;&lt;span class=&#34;p&#34;&gt;,&lt;/span&gt;&lt;span class=&#34;n&#34;&gt;b&lt;/span&gt;&lt;span class=&#34;p&#34;&gt;))&lt;/span&gt;
&lt;/span&gt;&lt;/span&gt;&lt;span class=&#34;line&#34;&gt;&lt;span class=&#34;cl&#34;&gt;		&lt;span class=&#34;n&#34;&gt;printf&lt;/span&gt;&lt;span class=&#34;p&#34;&gt;(&lt;/span&gt;&lt;span class=&#34;s&#34;&gt;&amp;#34;%lld&lt;/span&gt;&lt;span class=&#34;se&#34;&gt;\n&lt;/span&gt;&lt;span class=&#34;s&#34;&gt;&amp;#34;&lt;/span&gt;&lt;span class=&#34;p&#34;&gt;,&lt;/span&gt;&lt;span class=&#34;n&#34;&gt;i&lt;/span&gt;&lt;span class=&#34;p&#34;&gt;);&lt;/span&gt;
&lt;/span&gt;&lt;/span&gt;&lt;span class=&#34;line&#34;&gt;&lt;span class=&#34;cl&#34;&gt;	&lt;span class=&#34;k&#34;&gt;else&lt;/span&gt;
&lt;/span&gt;&lt;/span&gt;&lt;span class=&#34;line&#34;&gt;&lt;span class=&#34;cl&#34;&gt;		&lt;span class=&#34;n&#34;&gt;puts&lt;/span&gt;&lt;span class=&#34;p&#34;&gt;(&lt;/span&gt;&lt;span class=&#34;s&#34;&gt;&amp;#34;0&amp;#34;&lt;/span&gt;&lt;span class=&#34;p&#34;&gt;);&lt;/span&gt;
&lt;/span&gt;&lt;/span&gt;&lt;span class=&#34;line&#34;&gt;&lt;span class=&#34;cl&#34;&gt;	&lt;span class=&#34;k&#34;&gt;return&lt;/span&gt; &lt;span class=&#34;mi&#34;&gt;0&lt;/span&gt;&lt;span class=&#34;p&#34;&gt;;&lt;/span&gt;
&lt;/span&gt;&lt;/span&gt;&lt;span class=&#34;line&#34;&gt;&lt;span class=&#34;cl&#34;&gt;&lt;span class=&#34;p&#34;&gt;}&lt;/span&gt;
&lt;/span&gt;&lt;/span&gt;&lt;span class=&#34;line&#34;&gt;&lt;span class=&#34;cl&#34;&gt; 
&lt;/span&gt;&lt;/span&gt;&lt;/code&gt;&lt;/pre&gt;&lt;/div&gt;</description>
    </item>
    
  </channel>
</rss>
