<?xml version="1.0" encoding="utf-8" standalone="yes" ?>
<rss version="2.0" xmlns:atom="http://www.w3.org/2005/Atom">
  <channel>
    <title>二分 | Junyao Wang&#39;s Website</title>
    <link>https://wjy-yy.github.io/tag/%E4%BA%8C%E5%88%86/</link>
      <atom:link href="https://wjy-yy.github.io/tag/%E4%BA%8C%E5%88%86/index.xml" rel="self" type="application/rss+xml" />
    <description>二分</description>
    <generator>Wowchemy (https://wowchemy.com)</generator><language>en-us</language><lastBuildDate>Thu, 04 Feb 2021 19:14:00 +0000</lastBuildDate>
    <image>
      <url>https://wjy-yy.github.io/media/icon_hu7f884a298faf95f889f3a23a893e55a2_114855_512x512_fill_lanczos_center_3.png</url>
      <title>二分</title>
      <link>https://wjy-yy.github.io/tag/%E4%BA%8C%E5%88%86/</link>
    </image>
    
    <item>
      <title>Solution-CF102780D Power play【数学】【二分】【快速幂】</title>
      <link>https://wjy-yy.github.io/post/cf102780d/</link>
      <pubDate>Thu, 04 Feb 2021 19:14:00 +0000</pubDate>
      <guid>https://wjy-yy.github.io/post/cf102780d/</guid>
      <description>&lt;p&gt;题目来自“ICPC Central Russia Regional Contest (CRRC 19)”，&lt;/p&gt;
&lt;p&gt;终于有用高中/大学学到的知识能做的题了。&lt;/p&gt;
&lt;blockquote&gt;
&lt;h2 id=&#34;description&#34;&gt;Description&lt;/h2&gt;
&lt;p&gt;While analyzing a mathematical problem, a programmer, Basil by name, noticed an interesting fact: for the numbers $2$ and $4$ holds the equality $2^4=4^2$. &amp;lsquo;This could be a great challenge for the participants of the programming championship,&amp;rsquo; he thought. Unfortunately, Basil could not find other such pairs of numbers, the pair $2$ and $4$ was his only combination that he could think of. &amp;lsquo;Okay, then we&amp;rsquo;ll change the conditions, let there be three numbers,&amp;rsquo; Basil decided. The written program of enumeration options confirmed that with three numbers the task made sense.&lt;/p&gt;
&lt;/blockquote&gt;
&lt;blockquote&gt;
&lt;p&gt;Your task: find the integer $x$ by the given integers $a$ and $b$ such that falls in the range from $1$ to $10^{18}$ (Basil&amp;rsquo;s program didn&amp;rsquo;t deal with greater numbers) such that $a^x=x^b$. If there are several such numbers, type the smaller of them. If such a number does not exist, type $0$.&lt;/p&gt;
&lt;/blockquote&gt;
&lt;blockquote&gt;
&lt;h2 id=&#34;input&#34;&gt;Input&lt;/h2&gt;
&lt;p&gt;The input data consist of two integers $a$ and $b (2\le a,b\le 10000; a\ne b)$, separated by a blank space.&lt;/p&gt;
&lt;/blockquote&gt;
&lt;blockquote&gt;
&lt;h2 id=&#34;output&#34;&gt;Output&lt;/h2&gt;
&lt;p&gt;The integer $x$ if there is a solution, or $0$ (zero) if there is no solution.&lt;/p&gt;
&lt;/blockquote&gt;
&lt;h2 id=&#34;题目大意&#34;&gt;题目大意&lt;/h2&gt;
&lt;p&gt;给定 $a,b(1\le a,b\le 10000)$，问是否存在 $x(1\le x\le 10^{18})$，使得 $a^x=x^b$，并输出 $x$。&lt;/p&gt;
&lt;h2 id=&#34;题解&#34;&gt;题解&lt;/h2&gt;
&lt;p&gt;一开始想到的是二次剩余之类的算法，还有数论。&lt;/p&gt;
&lt;p&gt;但是既然 $x$ 是唯一的未知数，我们可以把它解出来。&lt;/p&gt;
&lt;p&gt;$$
\begin{aligned}
a^x&amp;amp;=x^b\\
x\ln a&amp;amp;=b\ln x\\
\frac{x}{\ln x}&amp;amp;=\frac{b}{\ln a}
\end{aligned}
$$&lt;/p&gt;
&lt;p&gt;而 $y=\frac x{\ln x}(x\in[1,+\infty))$ 的图像如下：&lt;/p&gt;
&lt;p&gt;















&lt;figure  &gt;
  &lt;div class=&#34;d-flex justify-content-center&#34;&gt;
    &lt;div class=&#34;w-100&#34; &gt;&lt;img alt=&#34;x/lnx&#34; srcset=&#34;
               /post/cf102780d/IMG_4131_hu86583f69e275a7fe4454634435a1d1a3_44571_d08bce09b14cf3e5fd66a3617070266e.webp 400w,
               /post/cf102780d/IMG_4131_hu86583f69e275a7fe4454634435a1d1a3_44571_e64c8d3c3263437ed027ec013694ba0e.webp 760w,
               /post/cf102780d/IMG_4131_hu86583f69e275a7fe4454634435a1d1a3_44571_1200x1200_fit_q75_h2_lanczos_3.webp 1200w&#34;
               src=&#34;https://wjy-yy.github.io/post/cf102780d/IMG_4131_hu86583f69e275a7fe4454634435a1d1a3_44571_d08bce09b14cf3e5fd66a3617070266e.webp&#34;
               width=&#34;540&#34;
               height=&#34;760&#34;
               loading=&#34;lazy&#34; data-zoomable /&gt;&lt;/div&gt;
  &lt;/div&gt;&lt;/figure&gt;
&lt;/p&gt;
&lt;p&gt;因为 $x\in[1,+\infty)$，$y=\frac x{\ln x}$ 在 $(1,\mathrm e)$ 减，$(\mathrm e,+\infty)$ 增，若 $x=1$ 或 $x=2$ 满足条件，则优先输出（题目要求多解输出较小的）；同时由于 $a\ne b$，$x\ne 1$。如果没有，就可以在 $[3,+\infty)$ 这个单调区间进行二分找出 $x$。二分的 $\varepsilon=10^{-8}$。&lt;/p&gt;
&lt;p&gt;最终的验证环节有一点复杂，一开始想的是最终结果如果与最近的整数相差不超过 $10^{-5}$，$x$ 就是这个整数。但是这样仍然会有精度问题。&lt;/p&gt;
&lt;p&gt;最后回到了题目本身，验证 $a^x=x^b$ 即可，用快速幂对 $1000000007$ 取模。如果不放心还可以双哈希。时间复杂度 $O(\log(10^{18}))$。&lt;/p&gt;
&lt;h2 id=&#34;code&#34;&gt;Code：&lt;/h2&gt;
&lt;div class=&#34;highlight&#34;&gt;&lt;pre tabindex=&#34;0&#34; class=&#34;chroma&#34;&gt;&lt;code class=&#34;language-cpp&#34; data-lang=&#34;cpp&#34;&gt;&lt;span class=&#34;line&#34;&gt;&lt;span class=&#34;cl&#34;&gt;&lt;span class=&#34;cp&#34;&gt;#include&lt;/span&gt;&lt;span class=&#34;cpf&#34;&gt;&amp;lt;iostream&amp;gt;&lt;/span&gt;&lt;span class=&#34;cp&#34;&gt;
&lt;/span&gt;&lt;/span&gt;&lt;/span&gt;&lt;span class=&#34;line&#34;&gt;&lt;span class=&#34;cl&#34;&gt;&lt;span class=&#34;cp&#34;&gt;#include&lt;/span&gt;&lt;span class=&#34;cpf&#34;&gt;&amp;lt;map&amp;gt;&lt;/span&gt;&lt;span class=&#34;cp&#34;&gt;
&lt;/span&gt;&lt;/span&gt;&lt;/span&gt;&lt;span class=&#34;line&#34;&gt;&lt;span class=&#34;cl&#34;&gt;&lt;span class=&#34;cp&#34;&gt;#include&lt;/span&gt;&lt;span class=&#34;cpf&#34;&gt;&amp;lt;algorithm&amp;gt;&lt;/span&gt;&lt;span class=&#34;cp&#34;&gt;
&lt;/span&gt;&lt;/span&gt;&lt;/span&gt;&lt;span class=&#34;line&#34;&gt;&lt;span class=&#34;cl&#34;&gt;&lt;span class=&#34;cp&#34;&gt;#include&lt;/span&gt;&lt;span class=&#34;cpf&#34;&gt;&amp;lt;vector&amp;gt;&lt;/span&gt;&lt;span class=&#34;cp&#34;&gt;
&lt;/span&gt;&lt;/span&gt;&lt;/span&gt;&lt;span class=&#34;line&#34;&gt;&lt;span class=&#34;cl&#34;&gt;&lt;span class=&#34;cp&#34;&gt;#include&lt;/span&gt;&lt;span class=&#34;cpf&#34;&gt;&amp;lt;queue&amp;gt;&lt;/span&gt;&lt;span class=&#34;cp&#34;&gt;
&lt;/span&gt;&lt;/span&gt;&lt;/span&gt;&lt;span class=&#34;line&#34;&gt;&lt;span class=&#34;cl&#34;&gt;&lt;span class=&#34;cp&#34;&gt;#include&lt;/span&gt;&lt;span class=&#34;cpf&#34;&gt;&amp;lt;cstring&amp;gt;&lt;/span&gt;&lt;span class=&#34;cp&#34;&gt;
&lt;/span&gt;&lt;/span&gt;&lt;/span&gt;&lt;span class=&#34;line&#34;&gt;&lt;span class=&#34;cl&#34;&gt;&lt;span class=&#34;cp&#34;&gt;#include&lt;/span&gt;&lt;span class=&#34;cpf&#34;&gt;&amp;lt;cmath&amp;gt;&lt;/span&gt;&lt;span class=&#34;cp&#34;&gt;
&lt;/span&gt;&lt;/span&gt;&lt;/span&gt;&lt;span class=&#34;line&#34;&gt;&lt;span class=&#34;cl&#34;&gt;&lt;span class=&#34;cp&#34;&gt;#include&lt;/span&gt;&lt;span class=&#34;cpf&#34;&gt;&amp;lt;bitset&amp;gt;&lt;/span&gt;&lt;span class=&#34;cp&#34;&gt;
&lt;/span&gt;&lt;/span&gt;&lt;/span&gt;&lt;span class=&#34;line&#34;&gt;&lt;span class=&#34;cl&#34;&gt;&lt;span class=&#34;cp&#34;&gt;&lt;/span&gt;&lt;span class=&#34;k&#34;&gt;using&lt;/span&gt; &lt;span class=&#34;k&#34;&gt;namespace&lt;/span&gt; &lt;span class=&#34;n&#34;&gt;std&lt;/span&gt;&lt;span class=&#34;p&#34;&gt;;&lt;/span&gt;
&lt;/span&gt;&lt;/span&gt;&lt;span class=&#34;line&#34;&gt;&lt;span class=&#34;cl&#34;&gt;&lt;span class=&#34;cp&#34;&gt;#define ls (k&amp;lt;&amp;lt;1)
&lt;/span&gt;&lt;/span&gt;&lt;/span&gt;&lt;span class=&#34;line&#34;&gt;&lt;span class=&#34;cl&#34;&gt;&lt;span class=&#34;cp&#34;&gt;#define rs (k&amp;lt;&amp;lt;1|1)
&lt;/span&gt;&lt;/span&gt;&lt;/span&gt;&lt;span class=&#34;line&#34;&gt;&lt;span class=&#34;cl&#34;&gt;&lt;span class=&#34;cp&#34;&gt;&lt;/span&gt;&lt;span class=&#34;c1&#34;&gt;//#define mid ((l+r)&amp;gt;&amp;gt;1)
&lt;/span&gt;&lt;/span&gt;&lt;/span&gt;&lt;span class=&#34;line&#34;&gt;&lt;span class=&#34;cl&#34;&gt;&lt;span class=&#34;c1&#34;&gt;&lt;/span&gt;&lt;span class=&#34;cp&#34;&gt;#define ll long long
&lt;/span&gt;&lt;/span&gt;&lt;/span&gt;&lt;span class=&#34;line&#34;&gt;&lt;span class=&#34;cl&#34;&gt;&lt;span class=&#34;cp&#34;&gt;#define eps 1e-7
&lt;/span&gt;&lt;/span&gt;&lt;/span&gt;&lt;span class=&#34;line&#34;&gt;&lt;span class=&#34;cl&#34;&gt;&lt;span class=&#34;cp&#34;&gt;&lt;/span&gt;&lt;span class=&#34;kt&#34;&gt;int&lt;/span&gt; &lt;span class=&#34;nf&#34;&gt;gcd&lt;/span&gt;&lt;span class=&#34;p&#34;&gt;(&lt;/span&gt;&lt;span class=&#34;kt&#34;&gt;int&lt;/span&gt; &lt;span class=&#34;n&#34;&gt;x&lt;/span&gt;&lt;span class=&#34;p&#34;&gt;,&lt;/span&gt;&lt;span class=&#34;kt&#34;&gt;int&lt;/span&gt; &lt;span class=&#34;n&#34;&gt;y&lt;/span&gt;&lt;span class=&#34;p&#34;&gt;)&lt;/span&gt;
&lt;/span&gt;&lt;/span&gt;&lt;span class=&#34;line&#34;&gt;&lt;span class=&#34;cl&#34;&gt;&lt;span class=&#34;p&#34;&gt;{&lt;/span&gt;
&lt;/span&gt;&lt;/span&gt;&lt;span class=&#34;line&#34;&gt;&lt;span class=&#34;cl&#34;&gt;	&lt;span class=&#34;k&#34;&gt;while&lt;/span&gt;&lt;span class=&#34;p&#34;&gt;(&lt;/span&gt;&lt;span class=&#34;n&#34;&gt;y&lt;/span&gt;&lt;span class=&#34;p&#34;&gt;)&lt;/span&gt;
&lt;/span&gt;&lt;/span&gt;&lt;span class=&#34;line&#34;&gt;&lt;span class=&#34;cl&#34;&gt;	&lt;span class=&#34;p&#34;&gt;{&lt;/span&gt;
&lt;/span&gt;&lt;/span&gt;&lt;span class=&#34;line&#34;&gt;&lt;span class=&#34;cl&#34;&gt;		&lt;span class=&#34;kt&#34;&gt;int&lt;/span&gt; &lt;span class=&#34;n&#34;&gt;t&lt;/span&gt;&lt;span class=&#34;o&#34;&gt;=&lt;/span&gt;&lt;span class=&#34;n&#34;&gt;x&lt;/span&gt;&lt;span class=&#34;o&#34;&gt;%&lt;/span&gt;&lt;span class=&#34;n&#34;&gt;y&lt;/span&gt;&lt;span class=&#34;p&#34;&gt;;&lt;/span&gt;
&lt;/span&gt;&lt;/span&gt;&lt;span class=&#34;line&#34;&gt;&lt;span class=&#34;cl&#34;&gt;		&lt;span class=&#34;n&#34;&gt;x&lt;/span&gt;&lt;span class=&#34;o&#34;&gt;=&lt;/span&gt;&lt;span class=&#34;n&#34;&gt;y&lt;/span&gt;&lt;span class=&#34;p&#34;&gt;;&lt;/span&gt;
&lt;/span&gt;&lt;/span&gt;&lt;span class=&#34;line&#34;&gt;&lt;span class=&#34;cl&#34;&gt;		&lt;span class=&#34;n&#34;&gt;y&lt;/span&gt;&lt;span class=&#34;o&#34;&gt;=&lt;/span&gt;&lt;span class=&#34;n&#34;&gt;t&lt;/span&gt;&lt;span class=&#34;p&#34;&gt;;&lt;/span&gt;
&lt;/span&gt;&lt;/span&gt;&lt;span class=&#34;line&#34;&gt;&lt;span class=&#34;cl&#34;&gt;	&lt;span class=&#34;p&#34;&gt;}&lt;/span&gt;
&lt;/span&gt;&lt;/span&gt;&lt;span class=&#34;line&#34;&gt;&lt;span class=&#34;cl&#34;&gt;	&lt;span class=&#34;k&#34;&gt;return&lt;/span&gt; &lt;span class=&#34;n&#34;&gt;x&lt;/span&gt;&lt;span class=&#34;p&#34;&gt;;&lt;/span&gt;
&lt;/span&gt;&lt;/span&gt;&lt;span class=&#34;line&#34;&gt;&lt;span class=&#34;cl&#34;&gt;&lt;span class=&#34;p&#34;&gt;}&lt;/span&gt;
&lt;/span&gt;&lt;/span&gt;&lt;span class=&#34;line&#34;&gt;&lt;span class=&#34;cl&#34;&gt;&lt;span class=&#34;kt&#34;&gt;int&lt;/span&gt; &lt;span class=&#34;n&#34;&gt;cnt&lt;/span&gt;&lt;span class=&#34;p&#34;&gt;[&lt;/span&gt;&lt;span class=&#34;mi&#34;&gt;1010&lt;/span&gt;&lt;span class=&#34;p&#34;&gt;];&lt;/span&gt;
&lt;/span&gt;&lt;/span&gt;&lt;span class=&#34;line&#34;&gt;&lt;span class=&#34;cl&#34;&gt;&lt;span class=&#34;kt&#34;&gt;char&lt;/span&gt; &lt;span class=&#34;n&#34;&gt;s&lt;/span&gt;&lt;span class=&#34;p&#34;&gt;[&lt;/span&gt;&lt;span class=&#34;mi&#34;&gt;10010&lt;/span&gt;&lt;span class=&#34;p&#34;&gt;];&lt;/span&gt;
&lt;/span&gt;&lt;/span&gt;&lt;span class=&#34;line&#34;&gt;&lt;span class=&#34;cl&#34;&gt;&lt;span class=&#34;k&#34;&gt;const&lt;/span&gt; &lt;span class=&#34;n&#34;&gt;ll&lt;/span&gt; &lt;span class=&#34;n&#34;&gt;p&lt;/span&gt;&lt;span class=&#34;o&#34;&gt;=&lt;/span&gt;&lt;span class=&#34;mi&#34;&gt;1000000007&lt;/span&gt;&lt;span class=&#34;p&#34;&gt;;&lt;/span&gt;
&lt;/span&gt;&lt;/span&gt;&lt;span class=&#34;line&#34;&gt;&lt;span class=&#34;cl&#34;&gt;&lt;span class=&#34;n&#34;&gt;ll&lt;/span&gt; &lt;span class=&#34;nf&#34;&gt;qpow&lt;/span&gt;&lt;span class=&#34;p&#34;&gt;(&lt;/span&gt;&lt;span class=&#34;n&#34;&gt;ll&lt;/span&gt; &lt;span class=&#34;n&#34;&gt;x&lt;/span&gt;&lt;span class=&#34;p&#34;&gt;,&lt;/span&gt;&lt;span class=&#34;n&#34;&gt;ll&lt;/span&gt; &lt;span class=&#34;n&#34;&gt;y&lt;/span&gt;&lt;span class=&#34;p&#34;&gt;)&lt;/span&gt;
&lt;/span&gt;&lt;/span&gt;&lt;span class=&#34;line&#34;&gt;&lt;span class=&#34;cl&#34;&gt;&lt;span class=&#34;p&#34;&gt;{&lt;/span&gt;
&lt;/span&gt;&lt;/span&gt;&lt;span class=&#34;line&#34;&gt;&lt;span class=&#34;cl&#34;&gt;	&lt;span class=&#34;n&#34;&gt;ll&lt;/span&gt; &lt;span class=&#34;n&#34;&gt;ans&lt;/span&gt;&lt;span class=&#34;o&#34;&gt;=&lt;/span&gt;&lt;span class=&#34;mi&#34;&gt;1&lt;/span&gt;&lt;span class=&#34;p&#34;&gt;;&lt;/span&gt;
&lt;/span&gt;&lt;/span&gt;&lt;span class=&#34;line&#34;&gt;&lt;span class=&#34;cl&#34;&gt;	&lt;span class=&#34;k&#34;&gt;while&lt;/span&gt;&lt;span class=&#34;p&#34;&gt;(&lt;/span&gt;&lt;span class=&#34;n&#34;&gt;y&lt;/span&gt;&lt;span class=&#34;p&#34;&gt;)&lt;/span&gt;
&lt;/span&gt;&lt;/span&gt;&lt;span class=&#34;line&#34;&gt;&lt;span class=&#34;cl&#34;&gt;	&lt;span class=&#34;p&#34;&gt;{&lt;/span&gt;
&lt;/span&gt;&lt;/span&gt;&lt;span class=&#34;line&#34;&gt;&lt;span class=&#34;cl&#34;&gt;		&lt;span class=&#34;k&#34;&gt;if&lt;/span&gt;&lt;span class=&#34;p&#34;&gt;(&lt;/span&gt;&lt;span class=&#34;n&#34;&gt;y&lt;/span&gt;&lt;span class=&#34;o&#34;&gt;&amp;amp;&lt;/span&gt;&lt;span class=&#34;mi&#34;&gt;1&lt;/span&gt;&lt;span class=&#34;p&#34;&gt;)&lt;/span&gt;
&lt;/span&gt;&lt;/span&gt;&lt;span class=&#34;line&#34;&gt;&lt;span class=&#34;cl&#34;&gt;			&lt;span class=&#34;n&#34;&gt;ans&lt;/span&gt;&lt;span class=&#34;o&#34;&gt;=&lt;/span&gt;&lt;span class=&#34;n&#34;&gt;ans&lt;/span&gt;&lt;span class=&#34;o&#34;&gt;*&lt;/span&gt;&lt;span class=&#34;n&#34;&gt;x&lt;/span&gt;&lt;span class=&#34;o&#34;&gt;%&lt;/span&gt;&lt;span class=&#34;n&#34;&gt;p&lt;/span&gt;&lt;span class=&#34;p&#34;&gt;;&lt;/span&gt;
&lt;/span&gt;&lt;/span&gt;&lt;span class=&#34;line&#34;&gt;&lt;span class=&#34;cl&#34;&gt;		&lt;span class=&#34;n&#34;&gt;x&lt;/span&gt;&lt;span class=&#34;o&#34;&gt;=&lt;/span&gt;&lt;span class=&#34;n&#34;&gt;x&lt;/span&gt;&lt;span class=&#34;o&#34;&gt;*&lt;/span&gt;&lt;span class=&#34;n&#34;&gt;x&lt;/span&gt;&lt;span class=&#34;o&#34;&gt;%&lt;/span&gt;&lt;span class=&#34;n&#34;&gt;p&lt;/span&gt;&lt;span class=&#34;p&#34;&gt;;&lt;/span&gt;
&lt;/span&gt;&lt;/span&gt;&lt;span class=&#34;line&#34;&gt;&lt;span class=&#34;cl&#34;&gt;		&lt;span class=&#34;n&#34;&gt;y&lt;/span&gt;&lt;span class=&#34;o&#34;&gt;&amp;gt;&amp;gt;=&lt;/span&gt;&lt;span class=&#34;mi&#34;&gt;1&lt;/span&gt;&lt;span class=&#34;p&#34;&gt;;&lt;/span&gt;
&lt;/span&gt;&lt;/span&gt;&lt;span class=&#34;line&#34;&gt;&lt;span class=&#34;cl&#34;&gt;	&lt;span class=&#34;p&#34;&gt;}&lt;/span&gt;
&lt;/span&gt;&lt;/span&gt;&lt;span class=&#34;line&#34;&gt;&lt;span class=&#34;cl&#34;&gt;	&lt;span class=&#34;k&#34;&gt;return&lt;/span&gt; &lt;span class=&#34;n&#34;&gt;ans&lt;/span&gt;&lt;span class=&#34;p&#34;&gt;;&lt;/span&gt;
&lt;/span&gt;&lt;/span&gt;&lt;span class=&#34;line&#34;&gt;&lt;span class=&#34;cl&#34;&gt;&lt;span class=&#34;p&#34;&gt;}&lt;/span&gt;
&lt;/span&gt;&lt;/span&gt;&lt;span class=&#34;line&#34;&gt;&lt;span class=&#34;cl&#34;&gt;&lt;span class=&#34;kt&#34;&gt;int&lt;/span&gt; &lt;span class=&#34;nf&#34;&gt;main&lt;/span&gt;&lt;span class=&#34;p&#34;&gt;()&lt;/span&gt;
&lt;/span&gt;&lt;/span&gt;&lt;span class=&#34;line&#34;&gt;&lt;span class=&#34;cl&#34;&gt;&lt;span class=&#34;p&#34;&gt;{&lt;/span&gt;
&lt;/span&gt;&lt;/span&gt;&lt;span class=&#34;line&#34;&gt;&lt;span class=&#34;cl&#34;&gt;	&lt;span class=&#34;kt&#34;&gt;int&lt;/span&gt; &lt;span class=&#34;n&#34;&gt;a&lt;/span&gt;&lt;span class=&#34;p&#34;&gt;,&lt;/span&gt;&lt;span class=&#34;n&#34;&gt;b&lt;/span&gt;&lt;span class=&#34;p&#34;&gt;;&lt;/span&gt;
&lt;/span&gt;&lt;/span&gt;&lt;span class=&#34;line&#34;&gt;&lt;span class=&#34;cl&#34;&gt;	&lt;span class=&#34;n&#34;&gt;scanf&lt;/span&gt;&lt;span class=&#34;p&#34;&gt;(&lt;/span&gt;&lt;span class=&#34;s&#34;&gt;&amp;#34;%d%d&amp;#34;&lt;/span&gt;&lt;span class=&#34;p&#34;&gt;,&lt;/span&gt;&lt;span class=&#34;o&#34;&gt;&amp;amp;&lt;/span&gt;&lt;span class=&#34;n&#34;&gt;a&lt;/span&gt;&lt;span class=&#34;p&#34;&gt;,&lt;/span&gt;&lt;span class=&#34;o&#34;&gt;&amp;amp;&lt;/span&gt;&lt;span class=&#34;n&#34;&gt;b&lt;/span&gt;&lt;span class=&#34;p&#34;&gt;);&lt;/span&gt;
&lt;/span&gt;&lt;/span&gt;&lt;span class=&#34;line&#34;&gt;&lt;span class=&#34;cl&#34;&gt;	&lt;span class=&#34;k&#34;&gt;if&lt;/span&gt;&lt;span class=&#34;p&#34;&gt;((&lt;/span&gt;&lt;span class=&#34;mi&#34;&gt;1ll&lt;/span&gt;&lt;span class=&#34;o&#34;&gt;&amp;lt;&amp;lt;&lt;/span&gt;&lt;span class=&#34;n&#34;&gt;b&lt;/span&gt;&lt;span class=&#34;p&#34;&gt;)&lt;/span&gt;&lt;span class=&#34;o&#34;&gt;==&lt;/span&gt;&lt;span class=&#34;mi&#34;&gt;1ll&lt;/span&gt;&lt;span class=&#34;o&#34;&gt;*&lt;/span&gt;&lt;span class=&#34;n&#34;&gt;a&lt;/span&gt;&lt;span class=&#34;o&#34;&gt;*&lt;/span&gt;&lt;span class=&#34;n&#34;&gt;a&lt;/span&gt;&lt;span class=&#34;p&#34;&gt;)&lt;/span&gt;
&lt;/span&gt;&lt;/span&gt;&lt;span class=&#34;line&#34;&gt;&lt;span class=&#34;cl&#34;&gt;	&lt;span class=&#34;p&#34;&gt;{&lt;/span&gt;
&lt;/span&gt;&lt;/span&gt;&lt;span class=&#34;line&#34;&gt;&lt;span class=&#34;cl&#34;&gt;		&lt;span class=&#34;n&#34;&gt;puts&lt;/span&gt;&lt;span class=&#34;p&#34;&gt;(&lt;/span&gt;&lt;span class=&#34;s&#34;&gt;&amp;#34;2&amp;#34;&lt;/span&gt;&lt;span class=&#34;p&#34;&gt;);&lt;/span&gt;
&lt;/span&gt;&lt;/span&gt;&lt;span class=&#34;line&#34;&gt;&lt;span class=&#34;cl&#34;&gt;		&lt;span class=&#34;k&#34;&gt;return&lt;/span&gt; &lt;span class=&#34;mi&#34;&gt;0&lt;/span&gt;&lt;span class=&#34;p&#34;&gt;;&lt;/span&gt;
&lt;/span&gt;&lt;/span&gt;&lt;span class=&#34;line&#34;&gt;&lt;span class=&#34;cl&#34;&gt;	&lt;span class=&#34;p&#34;&gt;}&lt;/span&gt;
&lt;/span&gt;&lt;/span&gt;&lt;span class=&#34;line&#34;&gt;&lt;span class=&#34;cl&#34;&gt;	&lt;span class=&#34;kt&#34;&gt;double&lt;/span&gt; &lt;span class=&#34;n&#34;&gt;t&lt;/span&gt;&lt;span class=&#34;o&#34;&gt;=&lt;/span&gt;&lt;span class=&#34;n&#34;&gt;b&lt;/span&gt;&lt;span class=&#34;o&#34;&gt;/&lt;/span&gt;&lt;span class=&#34;n&#34;&gt;log&lt;/span&gt;&lt;span class=&#34;p&#34;&gt;(&lt;/span&gt;&lt;span class=&#34;n&#34;&gt;a&lt;/span&gt;&lt;span class=&#34;p&#34;&gt;);&lt;/span&gt;
&lt;/span&gt;&lt;/span&gt;&lt;span class=&#34;line&#34;&gt;&lt;span class=&#34;cl&#34;&gt;	&lt;span class=&#34;kt&#34;&gt;double&lt;/span&gt; &lt;span class=&#34;n&#34;&gt;l&lt;/span&gt;&lt;span class=&#34;o&#34;&gt;=&lt;/span&gt;&lt;span class=&#34;n&#34;&gt;exp&lt;/span&gt;&lt;span class=&#34;p&#34;&gt;(&lt;/span&gt;&lt;span class=&#34;mi&#34;&gt;1&lt;/span&gt;&lt;span class=&#34;p&#34;&gt;),&lt;/span&gt;&lt;span class=&#34;n&#34;&gt;r&lt;/span&gt;&lt;span class=&#34;o&#34;&gt;=&lt;/span&gt;&lt;span class=&#34;mf&#34;&gt;1e18&lt;/span&gt;&lt;span class=&#34;p&#34;&gt;;&lt;/span&gt;
&lt;/span&gt;&lt;/span&gt;&lt;span class=&#34;line&#34;&gt;&lt;span class=&#34;cl&#34;&gt;	&lt;span class=&#34;k&#34;&gt;while&lt;/span&gt;&lt;span class=&#34;p&#34;&gt;(&lt;/span&gt;&lt;span class=&#34;n&#34;&gt;r&lt;/span&gt;&lt;span class=&#34;o&#34;&gt;-&lt;/span&gt;&lt;span class=&#34;n&#34;&gt;l&lt;/span&gt;&lt;span class=&#34;o&#34;&gt;&amp;gt;&lt;/span&gt;&lt;span class=&#34;mf&#34;&gt;1e-8&lt;/span&gt;&lt;span class=&#34;p&#34;&gt;)&lt;/span&gt;
&lt;/span&gt;&lt;/span&gt;&lt;span class=&#34;line&#34;&gt;&lt;span class=&#34;cl&#34;&gt;	&lt;span class=&#34;p&#34;&gt;{&lt;/span&gt;
&lt;/span&gt;&lt;/span&gt;&lt;span class=&#34;line&#34;&gt;&lt;span class=&#34;cl&#34;&gt;		&lt;span class=&#34;kt&#34;&gt;double&lt;/span&gt; &lt;span class=&#34;n&#34;&gt;mid&lt;/span&gt;&lt;span class=&#34;o&#34;&gt;=&lt;/span&gt;&lt;span class=&#34;p&#34;&gt;(&lt;/span&gt;&lt;span class=&#34;n&#34;&gt;l&lt;/span&gt;&lt;span class=&#34;o&#34;&gt;+&lt;/span&gt;&lt;span class=&#34;n&#34;&gt;r&lt;/span&gt;&lt;span class=&#34;p&#34;&gt;)&lt;/span&gt;&lt;span class=&#34;o&#34;&gt;/&lt;/span&gt;&lt;span class=&#34;mi&#34;&gt;2&lt;/span&gt;&lt;span class=&#34;p&#34;&gt;;&lt;/span&gt;
&lt;/span&gt;&lt;/span&gt;&lt;span class=&#34;line&#34;&gt;&lt;span class=&#34;cl&#34;&gt;		&lt;span class=&#34;kt&#34;&gt;double&lt;/span&gt; &lt;span class=&#34;n&#34;&gt;tt&lt;/span&gt;&lt;span class=&#34;o&#34;&gt;=&lt;/span&gt;&lt;span class=&#34;n&#34;&gt;mid&lt;/span&gt;&lt;span class=&#34;o&#34;&gt;/&lt;/span&gt;&lt;span class=&#34;n&#34;&gt;log&lt;/span&gt;&lt;span class=&#34;p&#34;&gt;(&lt;/span&gt;&lt;span class=&#34;n&#34;&gt;mid&lt;/span&gt;&lt;span class=&#34;p&#34;&gt;);&lt;/span&gt;
&lt;/span&gt;&lt;/span&gt;&lt;span class=&#34;line&#34;&gt;&lt;span class=&#34;cl&#34;&gt;		&lt;span class=&#34;k&#34;&gt;if&lt;/span&gt;&lt;span class=&#34;p&#34;&gt;(&lt;/span&gt;&lt;span class=&#34;n&#34;&gt;tt&lt;/span&gt;&lt;span class=&#34;o&#34;&gt;&amp;lt;&lt;/span&gt;&lt;span class=&#34;n&#34;&gt;t&lt;/span&gt;&lt;span class=&#34;p&#34;&gt;)&lt;/span&gt;
&lt;/span&gt;&lt;/span&gt;&lt;span class=&#34;line&#34;&gt;&lt;span class=&#34;cl&#34;&gt;			&lt;span class=&#34;n&#34;&gt;l&lt;/span&gt;&lt;span class=&#34;o&#34;&gt;=&lt;/span&gt;&lt;span class=&#34;n&#34;&gt;mid&lt;/span&gt;&lt;span class=&#34;p&#34;&gt;;&lt;/span&gt;
&lt;/span&gt;&lt;/span&gt;&lt;span class=&#34;line&#34;&gt;&lt;span class=&#34;cl&#34;&gt;		&lt;span class=&#34;k&#34;&gt;else&lt;/span&gt;
&lt;/span&gt;&lt;/span&gt;&lt;span class=&#34;line&#34;&gt;&lt;span class=&#34;cl&#34;&gt;			&lt;span class=&#34;n&#34;&gt;r&lt;/span&gt;&lt;span class=&#34;o&#34;&gt;=&lt;/span&gt;&lt;span class=&#34;n&#34;&gt;mid&lt;/span&gt;&lt;span class=&#34;p&#34;&gt;;&lt;/span&gt;
&lt;/span&gt;&lt;/span&gt;&lt;span class=&#34;line&#34;&gt;&lt;span class=&#34;cl&#34;&gt;	&lt;span class=&#34;p&#34;&gt;}&lt;/span&gt;
&lt;/span&gt;&lt;/span&gt;&lt;span class=&#34;line&#34;&gt;&lt;span class=&#34;cl&#34;&gt;	&lt;span class=&#34;n&#34;&gt;ll&lt;/span&gt; &lt;span class=&#34;n&#34;&gt;i&lt;/span&gt;&lt;span class=&#34;o&#34;&gt;=&lt;/span&gt;&lt;span class=&#34;n&#34;&gt;floor&lt;/span&gt;&lt;span class=&#34;p&#34;&gt;(&lt;/span&gt;&lt;span class=&#34;n&#34;&gt;l&lt;/span&gt;&lt;span class=&#34;o&#34;&gt;+&lt;/span&gt;&lt;span class=&#34;mf&#34;&gt;.5&lt;/span&gt;&lt;span class=&#34;p&#34;&gt;);&lt;/span&gt;
&lt;/span&gt;&lt;/span&gt;&lt;span class=&#34;line&#34;&gt;&lt;span class=&#34;cl&#34;&gt;	&lt;span class=&#34;k&#34;&gt;if&lt;/span&gt;&lt;span class=&#34;p&#34;&gt;(&lt;/span&gt;&lt;span class=&#34;n&#34;&gt;qpow&lt;/span&gt;&lt;span class=&#34;p&#34;&gt;(&lt;/span&gt;&lt;span class=&#34;n&#34;&gt;a&lt;/span&gt;&lt;span class=&#34;p&#34;&gt;,&lt;/span&gt;&lt;span class=&#34;n&#34;&gt;i&lt;/span&gt;&lt;span class=&#34;p&#34;&gt;)&lt;/span&gt;&lt;span class=&#34;o&#34;&gt;==&lt;/span&gt;&lt;span class=&#34;n&#34;&gt;qpow&lt;/span&gt;&lt;span class=&#34;p&#34;&gt;(&lt;/span&gt;&lt;span class=&#34;n&#34;&gt;i&lt;/span&gt;&lt;span class=&#34;p&#34;&gt;,&lt;/span&gt;&lt;span class=&#34;n&#34;&gt;b&lt;/span&gt;&lt;span class=&#34;p&#34;&gt;))&lt;/span&gt;
&lt;/span&gt;&lt;/span&gt;&lt;span class=&#34;line&#34;&gt;&lt;span class=&#34;cl&#34;&gt;		&lt;span class=&#34;n&#34;&gt;printf&lt;/span&gt;&lt;span class=&#34;p&#34;&gt;(&lt;/span&gt;&lt;span class=&#34;s&#34;&gt;&amp;#34;%lld&lt;/span&gt;&lt;span class=&#34;se&#34;&gt;\n&lt;/span&gt;&lt;span class=&#34;s&#34;&gt;&amp;#34;&lt;/span&gt;&lt;span class=&#34;p&#34;&gt;,&lt;/span&gt;&lt;span class=&#34;n&#34;&gt;i&lt;/span&gt;&lt;span class=&#34;p&#34;&gt;);&lt;/span&gt;
&lt;/span&gt;&lt;/span&gt;&lt;span class=&#34;line&#34;&gt;&lt;span class=&#34;cl&#34;&gt;	&lt;span class=&#34;k&#34;&gt;else&lt;/span&gt;
&lt;/span&gt;&lt;/span&gt;&lt;span class=&#34;line&#34;&gt;&lt;span class=&#34;cl&#34;&gt;		&lt;span class=&#34;n&#34;&gt;puts&lt;/span&gt;&lt;span class=&#34;p&#34;&gt;(&lt;/span&gt;&lt;span class=&#34;s&#34;&gt;&amp;#34;0&amp;#34;&lt;/span&gt;&lt;span class=&#34;p&#34;&gt;);&lt;/span&gt;
&lt;/span&gt;&lt;/span&gt;&lt;span class=&#34;line&#34;&gt;&lt;span class=&#34;cl&#34;&gt;	&lt;span class=&#34;k&#34;&gt;return&lt;/span&gt; &lt;span class=&#34;mi&#34;&gt;0&lt;/span&gt;&lt;span class=&#34;p&#34;&gt;;&lt;/span&gt;
&lt;/span&gt;&lt;/span&gt;&lt;span class=&#34;line&#34;&gt;&lt;span class=&#34;cl&#34;&gt;&lt;span class=&#34;p&#34;&gt;}&lt;/span&gt;
&lt;/span&gt;&lt;/span&gt;&lt;span class=&#34;line&#34;&gt;&lt;span class=&#34;cl&#34;&gt; 
&lt;/span&gt;&lt;/span&gt;&lt;/code&gt;&lt;/pre&gt;&lt;/div&gt;</description>
    </item>
    
  </channel>
</rss>
