<?xml version="1.0" encoding="utf-8" standalone="yes" ?>
<rss version="2.0" xmlns:atom="http://www.w3.org/2005/Atom">
  <channel>
    <title>Demo | Junyao Wang&#39;s Website</title>
    <link>https://wjy-yy.github.io/tag/demo/</link>
      <atom:link href="https://wjy-yy.github.io/tag/demo/index.xml" rel="self" type="application/rss+xml" />
    <description>Demo</description>
    <generator>Wowchemy (https://wowchemy.com)</generator><language>en-us</language><lastBuildDate>Wed, 27 Apr 2016 00:00:00 +0000</lastBuildDate>
    <image>
      <url>https://wjy-yy.github.io/media/icon_hu7f884a298faf95f889f3a23a893e55a2_114855_512x512_fill_lanczos_center_3.png</url>
      <title>Demo</title>
      <link>https://wjy-yy.github.io/tag/demo/</link>
    </image>
    
    <item>
      <title>External Project</title>
      <link>https://wjy-yy.github.io/project/external-project/</link>
      <pubDate>Wed, 27 Apr 2016 00:00:00 +0000</pubDate>
      <guid>https://wjy-yy.github.io/project/external-project/</guid>
      <description></description>
    </item>
    
  </channel>
</rss>
