
    
    
    
    
    
    
    
    
    
    
    [{"authors":null,"categories":null,"content":"Junyao Wang is a PhD student in Department of Computing, The Hong Kong Polytechnic University. He obtained Bachelor of Engineering in Computer School and Hongyi Honor College of Wuhan University.\nHe took part in ACM-ICPC training and contests, awarding gold medal in Asia regional contest and silver medal in Asia-east continent final. And he attended the lab focusing on biomedical image analysis in Computer School directed by Prof. Feng LIU and Dr. Fei LUO. He has had a program experience since High School for Olympiad in Informatics.\nHe has been an intern research assistant in The Hong Kong University of Science and Technology(Guangzhou) and a research administrative assistant in The Hong Kong Polytechnic University. And he is now at a PhD program in The Hong Kong Polytechnic University since 2024.\nHe serves as a TA of Design and analysis of algorithm(COMP3011).\n","date":1683327600,"expirydate":-62135596800,"kind":"term","lang":"en","lastmod":1683327600,"objectID":"2525497d367e79493fd32b198b28f040","permalink":"","publishdate":"0001-01-01T00:00:00Z","relpermalink":"","section":"authors","summary":"Junyao Wang is a PhD student in Department of Computing, The Hong Kong Polytechnic University. He obtained Bachelor of Engineering in Computer School and Hongyi Honor College of Wuhan University.","tags":null,"title":"Junyao Wang 王骏峣","type":"authors"},{"authors":[],"categories":null,"content":" Click on the Slides button above to view the built-in slides feature. Slides can be added in a few ways:\nCreate slides using Wowchemy’s Slides feature and link using slides parameter in the front matter of the talk file Upload an existing slide deck to static/ and link using url_slides parameter in the front matter of the talk file Embed your slides (e.g. Google Slides) or presentation video on this page using shortcodes. Further event details, including page elements such as image galleries, can be added to the body of this page.\n","date":1906549200,"expirydate":-62135596800,"kind":"page","lang":"en","lastmod":1906549200,"objectID":"a8edef490afe42206247b6ac05657af0","permalink":"https://wjy-yy.github.io/talk/example-talk/","publishdate":"2017-01-01T00:00:00Z","relpermalink":"/talk/example-talk/","section":"event","summary":"An example talk using Wowchemy's Markdown slides feature.","tags":[],"title":"Example Talk","type":"event"},{"authors":["Junyao Wang 王骏峣","Feng Liu","Shu Shi","Guowei Tao","Fu Zhou"],"categories":null,"content":" Create your slides in Markdown - click the Slides button to check out the example. Supplementary notes can be added here, including code, math, and images.\n","date":1683327600,"expirydate":-62135596800,"kind":"page","lang":"en","lastmod":1683327600,"objectID":"557dc08fd4b672a0c08e0a8cf0c9ff7d","permalink":"https://wjy-yy.github.io/www.researchsquare.com/article/rs-2898722/v1","publishdate":"2023-05-05T23:00:00Z","relpermalink":"/www.researchsquare.com/article/rs-2898722/v1","section":"publication","summary":"We proposed a hybrid ViT and convolutional U-net for brain MRI image registration, which achieved a higher dice score than ViT-V-Net and VoxelMorph. Quantitative and qualitative comparison results demonstrate that our model outperforms the previous ViT-based and convolution-based networks and achieved a better dice score of 79.7% in OASIS dataset.","tags":["Source Themes"],"title":"Unsupervised brain MRI image registration based on hybrid ViT and convolutional U-net","type":"publication"},{"authors":["Junyao Wang 王骏峣"],"categories":["OI/ACM","解题报告"],"content":"有一点点难的数学题。\nDescription You are given three positive (greater than zero) integers $c$, $d$ and $x$.\nYou have to find the number of pairs of positive integers $(a,b)$ such that equality $\\newcommand{\\lcm}{\\mathrm{lcm}}c\\cdot \\lcm(a,b)-d\\cdot\\gcd(a,b)=x$ holds. Where $\\lcm(a,b)$ is the least common multiple of $a$ and $b$ and $\\gcd(a,b)$ is the greatest common divisor of $a$ and $b$.\nInput The first line contains one integer $t (1\\le t\\le 10^4)$ — the number of test cases.\nEach test case consists of one line containing three integer $c$, $d$ and $x$ $(1\\le c,d,x\\le 10^7)$.\nOutput For each test case, print one integer — the number of pairs $(a,b)$ such that the above equality holds.\nExample input\n4 1 1 3 4 2 6 3 3 7 2 7 25 output\n4 3 0 8 Note In the first example, the correct pairs are: $(1,4)$, $(4,1)$, $(3,6)$, $(6,3)$.\nIn the second example, the correct pairs are: $(1,2)$, $(2,1)$, $(3,3)$.\n题意 给定 $c,d,x(1\\le c,d,x\\le 10^7)$，求使得 $c\\cdot\\lcm(a,b)-d\\gcd(a,b)=x$ 的有序数对 $(a,b)$ 有多少个。\n题解 我们知道，$\\lcm(a,b)=\\frac{ab}{\\gcd(a,b)}$。同时，$\\frac{a}{\\gcd(a,b)},\\frac{b}{\\gcd(a,b)}$ 都是整数。因此 $\\frac{ab}{\\gcd(a,b)\\gcd(a,b)}$ 是整数。即 $\\gcd(a,b)|\\lcm(a,b)$。\n因此原式 $c\\cdot\\lcm(a,b)-d\\gcd(a,b)=x$ 左边有因子 $\\gcd(a,b)$，因此必须有 $\\gcd(a,b)|x$。\n所以我们枚举 $x$ 的所有因子，作为 $\\gcd(a,b)$ 去计算合法的 $(a,b)$ 组数。枚举 $x$ 的因子复杂度为 $\\sqrt x$。\n此时可求得 $\\lcm(a,b)$。$\\lcm(a,b)=\\frac{x+d\\gcd(a,b)}{c}$\n有了 $\\lcm(a,b)$ 和 $\\gcd(a,b)$，我们需要找出有多少对 $(a,b)$。令 $k=\\frac{\\lcm(a,b)}{\\gcd(a,b)}=p_1^{t_1}p_2^{t_2}\\cdots p_n^{t_n}$，则每个 $p_i^{t_i}$ 会分配给 $a$ 或 $b$。共有 $2^n$ 种分配方法。\n因此求出 $k$ 之后，我们需要将 $k$ 分解质因数。这个的复杂度是 $O(\\sqrt k)$ 的，合起来 $O(T\\sqrt{kx})$ 比较大。\n所以我们可以在筛质数的时候预处理出每个数有多少个不同的质因子，统计时直接 $+2^n$ 即可。\n另外考虑 $k$ 的范围： $$ \\begin{aligned} \\lcm(a,b)\u0026amp;=\\frac{x+d\\gcd(a,b)}{c}\\ k=\\frac{\\lcm(a,b)}{\\gcd(a,b)}\u0026amp;=\\frac{x}{c\\gcd(a,b)}+\\frac dc \\end{aligned} $$ 分母均大于等于 $1$，因此 $k\\le x+d\\le 2\\times 10^7$。\n时间复杂度 $O(\\max{c,d,x}+T\\sqrt x)$。\n鸣谢 Dew。\nCode： #include\u0026lt;unordered_map\u0026gt; #include\u0026lt;queue\u0026gt; #include\u0026lt;cstdio\u0026gt; #include\u0026lt;cstring\u0026gt; #include\u0026lt;algorithm\u0026gt; #include\u0026lt;iostream\u0026gt; #define ll long long #ifdef wjyyy #define gc getchar #else #define gc() (p1==p2\u0026amp;\u0026amp;(p2=(p1=buf)+fread(buf,1,1\u0026lt;\u0026lt;21,stdin),p1==p2)?EOF:*p1++) #endif char buf[2100000],*p1=buf,*p2=buf; using namespace std; ll Abs(ll x) { return x\u0026gt;0?x:-x; } ll read() { ll x=0,f=1; char ch=gc(); while(ch\u0026lt;\u0026#39;0\u0026#39;||ch\u0026gt;\u0026#39;9\u0026#39;) { if(ch==\u0026#39;-\u0026#39;) f=-1; ch=gc(); } while(ch\u0026gt;=\u0026#39;0\u0026#39;\u0026amp;\u0026amp;ch\u0026lt;=\u0026#39;9\u0026#39;) { x=x*10+(ch\u0026amp;15); ch=gc(); } return x*f; } int pri[2000000],cnt=0,p[20000001]; //pri表示质数列 pi表示i的最小质因子 ll num[20000001]; //numi表示i有多少个不同的质因子 bool is[20000001]; //是否是非质数 ll ans=0,c,d,k; void work(ll i) { if((k+d*i)%c)//求出lcm return; ll lcm=(k+d*i)/c; if(lcm%i) return; ll t=lcm/i; ans+=1\u0026lt;\u0026lt;num[t]; } int main() { is[0]=1; is[1]=1; for(int i=2;i\u0026lt;=20000000;++i) { if(!is[i])//如果是质数 { pri[++cnt]=i; num[i]=1;//它的质因子只有一个 p[i]=i;//它的最小质因子是它自己 } for(int j=1;j\u0026lt;=cnt\u0026amp;\u0026amp;pri[j]*i\u0026lt;=20000000\u0026amp;\u0026amp;pri[j]\u0026lt;=p[i];++j) { int q=pri[j]*i; is[q]=1; num[q]=num[i]+(i%pri[j]!=0);//判断是否新增质因子 p[q]=pri[j]; } } int T=read(); while(T--) { ans=0; c=read(); d=read(); k=read(); for(int i=1;i*i\u0026lt;=k;++i) if(k%i==0) { work(i); if(i*i!=k) work(k/i); } printf(\u0026#34;%lld\\n\u0026#34;,ans); } return 0; } ","date":1616230250,"expirydate":-62135596800,"kind":"page","lang":"en","lastmod":1616230250,"objectID":"757d920fb7351af63ff9de369357b624","permalink":"https://wjy-yy.github.io/post/cf1499d/","publishdate":"2021-03-20T08:50:50Z","relpermalink":"/post/cf1499d/","section":"post","summary":"Solution-CF1499D The Number of Pairs 有一点点难的数学题。","tags":["Codeforces","解题报告","数学","枚举","筛素数"],"title":"Solution-CF1499D The Number of Pairs【数学】【枚举】【筛素数】","type":"post"},{"authors":["Junyao Wang 王骏峣"],"categories":["OI/ACM","解题报告"],"content":"优秀的分治题目。是“2020-2021 ACM-ICPC, Asia Seoul Regional Contest”的一道题。\nDescription There are $n$ buildings along a horizontal street. The buildings are next to each other along the street, and the $i$-th building from left to right has width $1$ and height $h_i$. Among the $n$ buildings, we are to find two buildings, say the $i$-th building and $j$-th building with $i\u0026lt;j$, such that $(h_i+h_j)*(j−i)$ is maximized.\nFor example, the right figure shows $5$ buildings, with heights $1$, $3$, $2$, $5$, $4$, from left to right. If we choose the first $2$ buildings, then we get $(1+3)*(2−1)=4$. If we choose the first and fifth buildings, then we $(1+4)*(5−1)=20$. The maximum value is achieved by the second and fifth buildings with heights $3$ and $4$, respectively: $(3+4)*(5−2)=21$.\nWrite a program that, given a sequence of building heights, prints $\\max_{1\\le i\u0026lt;j\\le n}(h_i+h_j)*(j−i)$.\nInput Your program is to read from standard input. The input starts with a line containing an integer $n$ ($2\\le n\\le 1,000,000$), where $n$ is the number of buildings. The buildings are numbered $1$ to $n$ from left to right. The second line contains the heights of $n$ buildings separated by a space such that the $i$-th number is the height $h_i$ of the $i$-th building ($1\\le h_i\\le 1,000,000$).\nOutput Your program is to write to standard output. Print exactly one line. The line should contain $\\max_{1\\le i\u0026lt;j\\le n}(h_i+h_j)*(j−i)$.\nExamples input\n5 1 3 2 5 4 output\n21 input\n5 8 3 6 3 1 output\n36 题意： 有 $n(2\\le n\\le 1000000)$ 栋楼房，第 $i$ 栋高度为 $h_i(1\\le h_1\\le 1000000)$。问两栋楼房所能构成的 $(h_i+h_j)*(j−i)$ 最大值是多少。\n题解： 为了方便，我们把要求的式子转化为 $(h_i-(-h_j))\\times(j-i)$，这样构造出数列 $-h_i$，就是坐标系中 $x$ 轴上方和 $x$ 轴下方两个数列中选出两个 $h$ 进行计算。\n如果存在 $i\u0026lt;j$，同时 $-h_i\u0026lt;-h_j$，那么 $j$ 一定比 $i$ 更优。可以用单调栈来把数列 ${h_i}$ 和 ${-h_i}$ 都变为单调的。得到单增的 ${H_i}$ 和 ${-H_i}$。\n如图，图中橙色的点删除后，对答案产生贡献的点只会在蓝色中产生。\n而蓝色的点 ${H_i}$ 和 ${-H_i}$ 对应了两段递增的序列（此时下标 $i$ 不一定连续）。最终答案为 $[H_i-(-H_j)]\\times(j-i)$。假设对于选定的 $H_i$，对应 $-H_j$ 为最优解，即 $\\forall k\u0026gt;j,[H_i-(-H_j)]\\times(j-i)\\geqslant[H_i-(-H_k)]\\times(k-i)$，可知\n$$\\begin{aligned}\n[H_i-(-H_j)]\\times(j-i)\u0026amp;\\geqslant[H_i-(-H_k)]\\times(k-i)\\\\ [H_i-(-H_j)]\\times(j-i)\\color{red}{-[H_i-(-H_k)]\\times(j-i)}\u0026amp;\\geqslant[H_i-(-H_k)]\\times(k-i)\\color{red}{-[H_i-(-H_k)]\\times(j-i)}\\\\ [(-H_k)-(-H_j)]\\times(j-i)\u0026amp;\\geqslant[H_i-(-H_k)]\\times(k-j) \\end{aligned}$$\n因此对于 $l\u0026lt;i$，对上式进行放缩，得\n$$\\begin{aligned}\\\\ [(-H_k)-(-H_j)]\\times(j-i)\u0026amp;\\geqslant[H_i-(-H_k)]\\times(k-j)\\\\ [(-H_k)-(-H_j)]\\times(j-i)\\color{blue}{+[(-H_k)-(-H_j)]\\times(i-l)}\u0026amp;\\geqslant[H_i-(-H_k)]\\times(k-j)\\color{red}{-(H_i-H_l)\\times(k-j)}\\\\ [(-H_k)-(-H_j)]\\times(j-l)\u0026amp;\\geqslant[H_l-(-H_k)]\\times(k-j)\\\\ [(-H_k)-(-H_j)]\\times(j-l)\\color{blue}{+[H_l-(-H_k)]\\times(j-l)}\u0026amp;\\geqslant[H_l-(-H_k)]\\times(k-j)\\color{blue}{+[H_l-(-H_k)]\\times(j-l)}\\\\ [H_l-(-H_j)]\\times(j-l)\u0026amp;\\geqslant[H_l-(-H_k)]\\times(k-l) \\end{aligned}$$\n所以当 $H_i$ 对应的最优解位置为 $-H_j$ 时，$l\u0026lt;i$ 的 $H_l$ 对应的最优解位置 $-H_k$ 满足 $k\\geqslant j$。\n如果上式推导过于复杂，它对应的图形推导如下。\n左图中，如果 $H_i$ 对应的最优解是 $H_j$，那么①的面积 $S_1$ 一定比②的 $S_2$ 大。右图中，那么对 $l\u0026lt;i$，已知 $S_1\\geqslant S_2$，有 $S_1+S_3\\geqslant S_2-S_4$，所以 $l$ 对应的最优解一定不会在 $j$ 右边。\n此时再考虑上边的推导，便能清楚理解了。\n分治递归，时间复杂度为 $O(n\\log n)$。\nCode： #include\u0026lt;cstdio\u0026gt; #include\u0026lt;cstring\u0026gt; #include\u0026lt;iostream\u0026gt; #include\u0026lt;algorithm\u0026gt; #include\u0026lt;cmath\u0026gt; using namespace std; #define ll long long int a[1001000],b[1001000],c[1001000]; int bp[1001000],cp[1001000]; ll ans=0; void solve(int l,int r,int L,int R) { if(l\u0026gt;r) return; int mid=(l+r)\u0026gt;\u0026gt;1,q=0; ll Ans=0; for(int i=L;i\u0026lt;=R;++i) { if(Ans\u0026lt;1ll*(cp[i]-bp[mid])*(b[mid]+c[i])) { q=i; Ans=1ll*(cp[i]-bp[mid])*(b[mid]+c[i]); } } ans=ans\u0026gt;Ans?ans:Ans; solve(l,mid-1,L,q); solve(mid+1,r,q,R); } int main() { int n; scanf(\u0026#34;%d\u0026#34;,\u0026amp;n); for(int i=1;i\u0026lt;=n;++i) scanf(\u0026#34;%d\u0026#34;,\u0026amp;a[i]); int ii=0,iii=0; c[0]=1e8; for(int i=1;i\u0026lt;=n;++i) { if(a[i]\u0026gt;b[ii]) { b[++ii]=a[i]; bp[ii]=i; } while(a[i]\u0026gt;=c[iii]) --iii; c[++iii]=a[i]; cp[iii]=i; } solve(1,ii,1,iii); printf(\u0026#34;%lld\\n\u0026#34;,ans); return 0; } ","date":1613766230,"expirydate":-62135596800,"kind":"page","lang":"en","lastmod":1613766230,"objectID":"becc88f9da5e80b67125a638d62e965e","permalink":"https://wjy-yy.github.io/post/cf102920l/","publishdate":"2021-02-19T20:23:50Z","relpermalink":"/post/cf102920l/","section":"post","summary":"Solution-CF102920L Two Buildings 优秀的分治题目。是“2020-2021 ACM-ICPC, Asia Seoul Regional Contest”的一道题。","tags":["Codeforces","解题报告","分治","决策单调性"],"title":"Solution-CF102920L Two Buildings【分治】【决策单调性】","type":"post"},{"authors":["Junyao Wang 王骏峣"],"categories":["OI/ACM","解题报告"],"content":"题目来自“ICPC Central Russia Regional Contest (CRRC 19)”，\n终于有用高中/大学学到的知识能做的题了。\nDescription While analyzing a mathematical problem, a programmer, Basil by name, noticed an interesting fact: for the numbers $2$ and $4$ holds the equality $2^4=4^2$. ‘This could be a great challenge for the participants of the programming championship,’ he thought. Unfortunately, Basil could not find other such pairs of numbers, the pair $2$ and $4$ was his only combination that he could think of. ‘Okay, then we’ll change the conditions, let there be three numbers,’ Basil decided. The written program of enumeration options confirmed that with three numbers the task made sense.\nYour task: find the integer $x$ by the given integers $a$ and $b$ such that falls in the range from $1$ to $10^{18}$ (Basil’s program didn’t deal with greater numbers) such that $a^x=x^b$. If there are several such numbers, type the smaller of them. If such a number does not exist, type $0$.\nInput The input data consist of two integers $a$ and $b (2\\le a,b\\le 10000; a\\ne b)$, separated by a blank space.\nOutput The integer $x$ if there is a solution, or $0$ (zero) if there is no solution.\n题目大意 给定 $a,b(1\\le a,b\\le 10000)$，问是否存在 $x(1\\le x\\le 10^{18})$，使得 $a^x=x^b$，并输出 $x$。\n题解 一开始想到的是二次剩余之类的算法，还有数论。\n但是既然 $x$ 是唯一的未知数，我们可以把它解出来。\n$$ \\begin{aligned} a^x\u0026amp;=x^b\\\\ x\\ln a\u0026amp;=b\\ln x\\\\ \\frac{x}{\\ln x}\u0026amp;=\\frac{b}{\\ln a} \\end{aligned} $$\n而 $y=\\frac x{\\ln x}(x\\in[1,+\\infty))$ 的图像如下：\n因为 $x\\in[1,+\\infty)$，$y=\\frac x{\\ln x}$ 在 $(1,\\mathrm e)$ 减，$(\\mathrm e,+\\infty)$ 增，若 $x=1$ 或 $x=2$ 满足条件，则优先输出（题目要求多解输出较小的）；同时由于 $a\\ne b$，$x\\ne 1$。如果没有，就可以在 $[3,+\\infty)$ 这个单调区间进行二分找出 $x$。二分的 $\\varepsilon=10^{-8}$。\n最终的验证环节有一点复杂，一开始想的是最终结果如果与最近的整数相差不超过 $10^{-5}$，$x$ 就是这个整数。但是这样仍然会有精度问题。\n最后回到了题目本身，验证 $a^x=x^b$ 即可，用快速幂对 $1000000007$ 取模。如果不放心还可以双哈希。时间复杂度 $O(\\log(10^{18}))$。\nCode： #include\u0026lt;iostream\u0026gt; #include\u0026lt;map\u0026gt; #include\u0026lt;algorithm\u0026gt; #include\u0026lt;vector\u0026gt; #include\u0026lt;queue\u0026gt; #include\u0026lt;cstring\u0026gt; #include\u0026lt;cmath\u0026gt; #include\u0026lt;bitset\u0026gt; using namespace std; #define ls (k\u0026lt;\u0026lt;1) #define rs (k\u0026lt;\u0026lt;1|1) //#define mid ((l+r)\u0026gt;\u0026gt;1) #define ll long long #define eps 1e-7 int gcd(int x,int y) { while(y) { int t=x%y; x=y; y=t; } return x; } int cnt[1010]; char s[10010]; const ll p=1000000007; ll qpow(ll x,ll y) { ll ans=1; while(y) { if(y\u0026amp;1) ans=ans*x%p; x=x*x%p; y\u0026gt;\u0026gt;=1; } return ans; } int main() { int a,b; scanf(\u0026#34;%d%d\u0026#34;,\u0026amp;a,\u0026amp;b); if((1ll\u0026lt;\u0026lt;b)==1ll*a*a) { puts(\u0026#34;2\u0026#34;); return 0; } double t=b/log(a); double l=exp(1),r=1e18; while(r-l\u0026gt;1e-8) { double mid=(l+r)/2; double tt=mid/log(mid); if(tt\u0026lt;t) l=mid; else r=mid; } ll i=floor(l+.5); if(qpow(a,i)==qpow(i,b)) printf(\u0026#34;%lld\\n\u0026#34;,i); else puts(\u0026#34;0\u0026#34;); return 0; } ","date":1612466040,"expirydate":-62135596800,"kind":"page","lang":"en","lastmod":1612466040,"objectID":"c5611fe8089a2a6ceeb765fea609b194","permalink":"https://wjy-yy.github.io/post/cf102780d/","publishdate":"2021-02-04T19:14:00Z","relpermalink":"/post/cf102780d/","section":"post","summary":"Solution-CF102780D Power play 题目来自“ICPC Central Russia Regional Contest (CRRC 19)”，终于有用高中/大学学到的知识能做的题了。","tags":["Codeforces","解题报告","数学","二分","快速幂"],"title":"Solution-CF102780D Power play【数学】【二分】【快速幂】","type":"post"},{"authors":[],"categories":[],"content":"Create slides in Markdown with Wowchemy Wowchemy | Documentation\nFeatures Efficiently write slides in Markdown 3-in-1: Create, Present, and Publish your slides Supports speaker notes Mobile friendly slides Controls Next: Right Arrow or Space Previous: Left Arrow Start: Home Finish: End Overview: Esc Speaker notes: S Fullscreen: F Zoom: Alt + Click PDF Export Code Highlighting Inline code: variable\nCode block:\nporridge = \u0026#34;blueberry\u0026#34; if porridge == \u0026#34;blueberry\u0026#34;: print(\u0026#34;Eating...\u0026#34;) Math In-line math: $x + y = z$\nBlock math:\n$$ f\\left( x \\right) = ;\\frac{{2\\left( {x + 4} \\right)\\left( {x - 4} \\right)}}{{\\left( {x + 4} \\right)\\left( {x + 1} \\right)}} $$\nFragments Make content appear incrementally\n{{% fragment %}} One {{% /fragment %}} {{% fragment %}} **Two** {{% /fragment %}} {{% fragment %}} Three {{% /fragment %}} Press Space to play!\nOne Two Three A fragment can accept two optional parameters:\nclass: use a custom style (requires definition in custom CSS) weight: sets the order in which a fragment appears Speaker Notes Add speaker notes to your presentation\n{{% speaker_note %}} - Only the speaker can read these notes - Press `S` key to view {{% /speaker_note %}} Press the S key to view the speaker notes!\nOnly the speaker can read these notes Press S key to view Themes black: Black background, white text, blue links (default) white: White background, black text, blue links league: Gray background, white text, blue links beige: Beige background, dark text, brown links sky: Blue background, thin dark text, blue links night: Black background, thick white text, orange links serif: Cappuccino background, gray text, brown links simple: White background, black text, blue links solarized: Cream-colored background, dark green text, blue links Custom Slide Customize the slide style and background\n{{\u0026lt; slide background-image=\u0026#34;/media/boards.jpg\u0026#34; \u0026gt;}} {{\u0026lt; slide background-color=\u0026#34;#0000FF\u0026#34; \u0026gt;}} {{\u0026lt; slide class=\u0026#34;my-style\u0026#34; \u0026gt;}} Custom CSS Example Let’s make headers navy colored.\nCreate assets/css/reveal_custom.css with:\n.reveal section h1, .reveal section h2, .reveal section h3 { color: navy; } Questions? Ask\nDocumentation\n","date":1549324800,"expirydate":-62135596800,"kind":"page","lang":"en","lastmod":1549324800,"objectID":"0e6de1a61aa83269ff13324f3167c1a9","permalink":"https://wjy-yy.github.io/slides/example/","publishdate":"2019-02-05T00:00:00Z","relpermalink":"/slides/example/","section":"slides","summary":"An introduction to using Wowchemy's Slides feature.","tags":[],"title":"Slides","type":"slides"},{"authors":null,"categories":null,"content":"Lorem ipsum dolor sit amet, consectetur adipiscing elit. Duis posuere tellus ac convallis placerat. Proin tincidunt magna sed ex sollicitudin condimentum. Sed ac faucibus dolor, scelerisque sollicitudin nisi. Cras purus urna, suscipit quis sapien eu, pulvinar tempor diam. Quisque risus orci, mollis id ante sit amet, gravida egestas nisl. Sed ac tempus magna. Proin in dui enim. Donec condimentum, sem id dapibus fringilla, tellus enim condimentum arcu, nec volutpat est felis vel metus. Vestibulum sit amet erat at nulla eleifend gravida.\nNullam vel molestie justo. Curabitur vitae efficitur leo. In hac habitasse platea dictumst. Sed pulvinar mauris dui, eget varius purus congue ac. Nulla euismod, lorem vel elementum dapibus, nunc justo porta mi, sed tempus est est vel tellus. Nam et enim eleifend, laoreet sem sit amet, elementum sem. Morbi ut leo congue, maximus velit ut, finibus arcu. In et libero cursus, rutrum risus non, molestie leo. Nullam congue quam et volutpat malesuada. Sed risus tortor, pulvinar et dictum nec, sodales non mi. Phasellus lacinia commodo laoreet. Nam mollis, erat in feugiat consectetur, purus eros egestas tellus, in auctor urna odio at nibh. Mauris imperdiet nisi ac magna convallis, at rhoncus ligula cursus.\nCras aliquam rhoncus ipsum, in hendrerit nunc mattis vitae. Duis vitae efficitur metus, ac tempus leo. Cras nec fringilla lacus. Quisque sit amet risus at ipsum pharetra commodo. Sed aliquam mauris at consequat eleifend. Praesent porta, augue sed viverra bibendum, neque ante euismod ante, in vehicula justo lorem ac eros. Suspendisse augue libero, venenatis eget tincidunt ut, malesuada at lorem. Donec vitae bibendum arcu. Aenean maximus nulla non pretium iaculis. Quisque imperdiet, nulla in pulvinar aliquet, velit quam ultrices quam, sit amet fringilla leo sem vel nunc. Mauris in lacinia lacus.\nSuspendisse a tincidunt lacus. Curabitur at urna sagittis, dictum ante sit amet, euismod magna. Sed rutrum massa id tortor commodo, vitae elementum turpis tempus. Lorem ipsum dolor sit amet, consectetur adipiscing elit. Aenean purus turpis, venenatis a ullamcorper nec, tincidunt et massa. Integer posuere quam rutrum arcu vehicula imperdiet. Mauris ullamcorper quam vitae purus congue, quis euismod magna eleifend. Vestibulum semper vel augue eget tincidunt. Fusce eget justo sodales, dapibus odio eu, ultrices lorem. Duis condimentum lorem id eros commodo, in facilisis mauris scelerisque. Morbi sed auctor leo. Nullam volutpat a lacus quis pharetra. Nulla congue rutrum magna a ornare.\nAliquam in turpis accumsan, malesuada nibh ut, hendrerit justo. Cum sociis natoque penatibus et magnis dis parturient montes, nascetur ridiculus mus. Quisque sed erat nec justo posuere suscipit. Donec ut efficitur arcu, in malesuada neque. Nunc dignissim nisl massa, id vulputate nunc pretium nec. Quisque eget urna in risus suscipit ultricies. Pellentesque odio odio, tincidunt in eleifend sed, posuere a diam. Nam gravida nisl convallis semper elementum. Morbi vitae felis faucibus, vulputate orci placerat, aliquet nisi. Aliquam erat volutpat. Maecenas sagittis pulvinar purus, sed porta quam laoreet at.\n","date":1461715200,"expirydate":-62135596800,"kind":"page","lang":"en","lastmod":1461715200,"objectID":"e8f8d235e8e7f2efd912bfe865363fc3","permalink":"https://wjy-yy.github.io/project/example/","publishdate":"2016-04-27T00:00:00Z","relpermalink":"/project/example/","section":"project","summary":"An example of using the in-built project page.","tags":["Deep Learning"],"title":"Example Project","type":"project"},{"authors":null,"categories":null,"content":"","date":1461715200,"expirydate":-62135596800,"kind":"page","lang":"en","lastmod":1461715200,"objectID":"d1311ddf745551c9e117aa4bb7e28516","permalink":"https://wjy-yy.github.io/project/external-project/","publishdate":"2016-04-27T00:00:00Z","relpermalink":"/project/external-project/","section":"project","summary":"An example of linking directly to an external project website using `external_link`.","tags":["Demo"],"title":"External Project","type":"project"},{"authors":["Junyao Wang 王骏峣","Robert Ford"],"categories":null,"content":" Click the Cite button above to demo the feature to enable visitors to import publication metadata into their reference management software. Create your slides in Markdown - click the Slides button to check out the example. Supplementary notes can be added here, including code, math, and images.\n","date":1441065600,"expirydate":-62135596800,"kind":"page","lang":"en","lastmod":1441065600,"objectID":"8112533d4605c2552636fe771926d611","permalink":"https://wjy-yy.github.io/publication_hide/journal-article/index0/","publishdate":"2017-01-01T00:00:00Z","relpermalink":"/publication_hide/journal-article/index0/","section":"publication_hide","summary":"Lorem ipsum dolor sit amet, consectetur adipiscing elit. Duis posuere tellus ac convallis placerat. Proin tincidunt magna sed ex sollicitudin condimentum.","tags":["Source Themes"],"title":"An example journal article","type":"publication_hide"},{"authors":["Junyao Wang 王骏峣","Robert Ford"],"categories":null,"content":" Click the Cite button above to demo the feature to enable visitors to import publication metadata into their reference management software. Create your slides in Markdown - click the Slides button to check out the example. Supplementary notes can be added here, including code, math, and images.\n","date":1372636800,"expirydate":-62135596800,"kind":"page","lang":"en","lastmod":1372636800,"objectID":"3aeab4bb8dd1d4316e135d0768191c4b","permalink":"https://wjy-yy.github.io/publication_hide/conference-paper/index0/","publishdate":"2017-01-01T00:00:00Z","relpermalink":"/publication_hide/conference-paper/index0/","section":"publication_hide","summary":"Lorem ipsum dolor sit amet, consectetur adipiscing elit. Duis posuere tellus ac convallis placerat. Proin tincidunt magna sed ex sollicitudin condimentum.","tags":[],"title":"An example conference paper","type":"publication_hide"}]