<?xml version="1.0" encoding="utf-8" standalone="yes" ?>
<rss version="2.0" xmlns:atom="http://www.w3.org/2005/Atom">
  <channel>
    <title>决策单调性 | Junyao Wang&#39;s Website</title>
    <link>https://wjy-yy.github.io/tag/%E5%86%B3%E7%AD%96%E5%8D%95%E8%B0%83%E6%80%A7/</link>
      <atom:link href="https://wjy-yy.github.io/tag/%E5%86%B3%E7%AD%96%E5%8D%95%E8%B0%83%E6%80%A7/index.xml" rel="self" type="application/rss+xml" />
    <description>决策单调性</description>
    <generator>Wowchemy (https://wowchemy.com)</generator><language>en-us</language><lastBuildDate>Fri, 19 Feb 2021 20:23:50 +0000</lastBuildDate>
    <image>
      <url>https://wjy-yy.github.io/media/icon_hu7f884a298faf95f889f3a23a893e55a2_114855_512x512_fill_lanczos_center_3.png</url>
      <title>决策单调性</title>
      <link>https://wjy-yy.github.io/tag/%E5%86%B3%E7%AD%96%E5%8D%95%E8%B0%83%E6%80%A7/</link>
    </image>
    
    <item>
      <title>Solution-CF102920L Two Buildings【分治】【决策单调性】</title>
      <link>https://wjy-yy.github.io/post/cf102920l/</link>
      <pubDate>Fri, 19 Feb 2021 20:23:50 +0000</pubDate>
      <guid>https://wjy-yy.github.io/post/cf102920l/</guid>
      <description>&lt;p&gt;优秀的分治题目。是“2020-2021 ACM-ICPC, Asia Seoul Regional Contest”的一道题。&lt;/p&gt;
&lt;blockquote&gt;
&lt;h2 id=&#34;description&#34;&gt;Description&lt;/h2&gt;
&lt;p&gt;There are $n$ buildings along a horizontal street. The buildings are next to each other along the street, and the $i$-th building from left to right has width $1$ and height $h_i$. Among the $n$ buildings, we are to find two buildings, say the $i$-th building and $j$-th building with $i&amp;lt;j$, such that $(h_i+h_j)*(j−i)$ is maximized.&lt;/p&gt;
&lt;p&gt;For example, the right figure shows $5$ buildings, with heights $1$, $3$, $2$, $5$, $4$, from left to right. If we choose the first $2$ buildings, then we get $(1+3)*(2−1)=4$. If we choose the first and fifth buildings, then we $(1+4)*(5−1)=20$. The maximum value is achieved by the second and fifth buildings with heights $3$ and $4$, respectively: $(3+4)*(5−2)=21$.&lt;/p&gt;
&lt;p&gt;Write a program that, given a sequence of building heights, prints $\max_{1\le i&amp;lt;j\le n}(h_i+h_j)*(j−i)$.&lt;/p&gt;
&lt;h2 id=&#34;input&#34;&gt;Input&lt;/h2&gt;
&lt;p&gt;Your program is to read from standard input. The input starts with a line containing an integer $n$ ($2\le n\le 1,000,000$), where $n$ is the number of buildings. The buildings are numbered $1$ to $n$ from left to right. The second line contains the heights of $n$ buildings separated by a space such that the $i$-th number is the height $h_i$ of the $i$-th building ($1\le h_i\le 1,000,000$).&lt;/p&gt;
&lt;h2 id=&#34;output&#34;&gt;Output&lt;/h2&gt;
&lt;p&gt;Your program is to write to standard output. Print exactly one line. The line should contain $\max_{1\le i&amp;lt;j\le n}(h_i+h_j)*(j−i)$.&lt;/p&gt;
&lt;h2 id=&#34;examples&#34;&gt;Examples&lt;/h2&gt;
&lt;p&gt;&lt;strong&gt;input&lt;/strong&gt;&lt;/p&gt;
&lt;div class=&#34;highlight&#34;&gt;&lt;pre tabindex=&#34;0&#34; class=&#34;chroma&#34;&gt;&lt;code class=&#34;language-fallback&#34; data-lang=&#34;fallback&#34;&gt;&lt;span class=&#34;line&#34;&gt;&lt;span class=&#34;cl&#34;&gt;5
&lt;/span&gt;&lt;/span&gt;&lt;span class=&#34;line&#34;&gt;&lt;span class=&#34;cl&#34;&gt;1 3 2 5 4
&lt;/span&gt;&lt;/span&gt;&lt;/code&gt;&lt;/pre&gt;&lt;/div&gt;&lt;p&gt;&lt;strong&gt;output&lt;/strong&gt;&lt;/p&gt;
&lt;div class=&#34;highlight&#34;&gt;&lt;pre tabindex=&#34;0&#34; class=&#34;chroma&#34;&gt;&lt;code class=&#34;language-fallback&#34; data-lang=&#34;fallback&#34;&gt;&lt;span class=&#34;line&#34;&gt;&lt;span class=&#34;cl&#34;&gt;21
&lt;/span&gt;&lt;/span&gt;&lt;/code&gt;&lt;/pre&gt;&lt;/div&gt;&lt;p&gt;&lt;strong&gt;input&lt;/strong&gt;&lt;/p&gt;
&lt;div class=&#34;highlight&#34;&gt;&lt;pre tabindex=&#34;0&#34; class=&#34;chroma&#34;&gt;&lt;code class=&#34;language-fallback&#34; data-lang=&#34;fallback&#34;&gt;&lt;span class=&#34;line&#34;&gt;&lt;span class=&#34;cl&#34;&gt;5
&lt;/span&gt;&lt;/span&gt;&lt;span class=&#34;line&#34;&gt;&lt;span class=&#34;cl&#34;&gt;8 3 6 3 1
&lt;/span&gt;&lt;/span&gt;&lt;/code&gt;&lt;/pre&gt;&lt;/div&gt;&lt;p&gt;&lt;strong&gt;output&lt;/strong&gt;&lt;/p&gt;
&lt;div class=&#34;highlight&#34;&gt;&lt;pre tabindex=&#34;0&#34; class=&#34;chroma&#34;&gt;&lt;code class=&#34;language-fallback&#34; data-lang=&#34;fallback&#34;&gt;&lt;span class=&#34;line&#34;&gt;&lt;span class=&#34;cl&#34;&gt;36
&lt;/span&gt;&lt;/span&gt;&lt;/code&gt;&lt;/pre&gt;&lt;/div&gt;&lt;/blockquote&gt;
&lt;h2 id=&#34;题意&#34;&gt;题意：&lt;/h2&gt;
&lt;p&gt;有 $n(2\le n\le 1000000)$ 栋楼房，第 $i$ 栋高度为 $h_i(1\le h_1\le 1000000)$。问两栋楼房所能构成的 $(h_i+h_j)*(j−i)$ 最大值是多少。&lt;/p&gt;
&lt;h2 id=&#34;题解&#34;&gt;题解：&lt;/h2&gt;
&lt;p&gt;为了方便，我们把要求的式子转化为 $(h_i-(-h_j))\times(j-i)$，这样构造出数列 $-h_i$，就是坐标系中 $x$ 轴上方和 $x$ 轴下方两个数列中选出两个 $h$ 进行计算。&lt;/p&gt;
&lt;p&gt;如果存在 $i&amp;lt;j$，同时 $-h_i&amp;lt;-h_j$，那么 $j$ 一定比 $i$ 更优。可以用单调栈来把数列 ${h_i}$ 和 ${-h_i}$ 都变为单调的。得到单增的 ${H_i}$ 和 ${-H_i}$。&lt;/p&gt;
&lt;p&gt;















&lt;figure  &gt;
  &lt;div class=&#34;d-flex justify-content-center&#34;&gt;
    &lt;div class=&#34;w-100&#34; &gt;&lt;img src=&#34;https://www.wjyyy.top/wp-content/uploads/2021/02/%e5%b1%8f%e5%b9%95%e6%88%aa%e5%9b%be-2021-02-19-201207.png&#34; alt=&#34;&#34; loading=&#34;lazy&#34; data-zoomable /&gt;&lt;/div&gt;
  &lt;/div&gt;&lt;/figure&gt;
&lt;/p&gt;
&lt;p&gt;如图，图中橙色的点删除后，对答案产生贡献的点只会在蓝色中产生。&lt;/p&gt;
&lt;p&gt;而蓝色的点 ${H_i}$ 和 ${-H_i}$ 对应了两段递增的序列（此时下标 $i$ 不一定连续）。最终答案为 $[H_i-(-H_j)]\times(j-i)$。假设对于选定的 $H_i$，对应 $-H_j$ 为最优解，即 $\forall k&amp;gt;j,[H_i-(-H_j)]\times(j-i)\geqslant[H_i-(-H_k)]\times(k-i)$，可知&lt;/p&gt;
&lt;p&gt;$$\begin{aligned}&lt;br&gt;
[H_i-(-H_j)]\times(j-i)&amp;amp;\geqslant[H_i-(-H_k)]\times(k-i)\\
[H_i-(-H_j)]\times(j-i)\color{red}{-[H_i-(-H_k)]\times(j-i)}&amp;amp;\geqslant[H_i-(-H_k)]\times(k-i)\color{red}{-[H_i-(-H_k)]\times(j-i)}\\
[(-H_k)-(-H_j)]\times(j-i)&amp;amp;\geqslant[H_i-(-H_k)]\times(k-j)
\end{aligned}$$&lt;/p&gt;
&lt;p&gt;因此对于 $l&amp;lt;i$，对上式进行放缩，得&lt;/p&gt;
&lt;p&gt;$$\begin{aligned}\\
[(-H_k)-(-H_j)]\times(j-i)&amp;amp;\geqslant[H_i-(-H_k)]\times(k-j)\\
[(-H_k)-(-H_j)]\times(j-i)\color{blue}{+[(-H_k)-(-H_j)]\times(i-l)}&amp;amp;\geqslant[H_i-(-H_k)]\times(k-j)\color{red}{-(H_i-H_l)\times(k-j)}\\
[(-H_k)-(-H_j)]\times(j-l)&amp;amp;\geqslant[H_l-(-H_k)]\times(k-j)\\
[(-H_k)-(-H_j)]\times(j-l)\color{blue}{+[H_l-(-H_k)]\times(j-l)}&amp;amp;\geqslant[H_l-(-H_k)]\times(k-j)\color{blue}{+[H_l-(-H_k)]\times(j-l)}\\
[H_l-(-H_j)]\times(j-l)&amp;amp;\geqslant[H_l-(-H_k)]\times(k-l)
\end{aligned}$$&lt;/p&gt;
&lt;p&gt;所以当 $H_i$ 对应的最优解位置为 $-H_j$ 时，$l&amp;lt;i$ 的 $H_l$ 对应的最优解位置 $-H_k$ 满足 $k\geqslant j$。&lt;/p&gt;
&lt;p&gt;如果上式推导过于复杂，它对应的图形推导如下。&lt;/p&gt;
&lt;p&gt;















&lt;figure  &gt;
  &lt;div class=&#34;d-flex justify-content-center&#34;&gt;
    &lt;div class=&#34;w-100&#34; &gt;&lt;img src=&#34;https://www.wjyyy.top/wp-content/uploads/2021/02/%e5%b1%8f%e5%b9%95%e6%88%aa%e5%9b%be-2021-02-19-201221.png&#34; alt=&#34;&#34; loading=&#34;lazy&#34; data-zoomable /&gt;&lt;/div&gt;
  &lt;/div&gt;&lt;/figure&gt;
&lt;/p&gt;
&lt;p&gt;左图中，如果 $H_i$ 对应的最优解是 $H_j$，那么①的面积 $S_1$ 一定比②的 $S_2$ 大。右图中，那么对 $l&amp;lt;i$，已知 $S_1\geqslant S_2$，有 $S_1+S_3\geqslant S_2-S_4$，所以 $l$ 对应的最优解一定不会在 $j$ 右边。&lt;/p&gt;
&lt;p&gt;此时再考虑上边的推导，便能清楚理解了。&lt;/p&gt;
&lt;p&gt;分治递归，时间复杂度为 $O(n\log n)$。&lt;/p&gt;
&lt;h2 id=&#34;code&#34;&gt;Code：&lt;/h2&gt;
&lt;div class=&#34;highlight&#34;&gt;&lt;pre tabindex=&#34;0&#34; class=&#34;chroma&#34;&gt;&lt;code class=&#34;language-cpp&#34; data-lang=&#34;cpp&#34;&gt;&lt;span class=&#34;line&#34;&gt;&lt;span class=&#34;cl&#34;&gt;&lt;span class=&#34;cp&#34;&gt;#include&lt;/span&gt;&lt;span class=&#34;cpf&#34;&gt;&amp;lt;cstdio&amp;gt;&lt;/span&gt;&lt;span class=&#34;cp&#34;&gt;
&lt;/span&gt;&lt;/span&gt;&lt;/span&gt;&lt;span class=&#34;line&#34;&gt;&lt;span class=&#34;cl&#34;&gt;&lt;span class=&#34;cp&#34;&gt;#include&lt;/span&gt;&lt;span class=&#34;cpf&#34;&gt;&amp;lt;cstring&amp;gt;&lt;/span&gt;&lt;span class=&#34;cp&#34;&gt;
&lt;/span&gt;&lt;/span&gt;&lt;/span&gt;&lt;span class=&#34;line&#34;&gt;&lt;span class=&#34;cl&#34;&gt;&lt;span class=&#34;cp&#34;&gt;#include&lt;/span&gt;&lt;span class=&#34;cpf&#34;&gt;&amp;lt;iostream&amp;gt;&lt;/span&gt;&lt;span class=&#34;cp&#34;&gt;
&lt;/span&gt;&lt;/span&gt;&lt;/span&gt;&lt;span class=&#34;line&#34;&gt;&lt;span class=&#34;cl&#34;&gt;&lt;span class=&#34;cp&#34;&gt;#include&lt;/span&gt;&lt;span class=&#34;cpf&#34;&gt;&amp;lt;algorithm&amp;gt;&lt;/span&gt;&lt;span class=&#34;cp&#34;&gt;
&lt;/span&gt;&lt;/span&gt;&lt;/span&gt;&lt;span class=&#34;line&#34;&gt;&lt;span class=&#34;cl&#34;&gt;&lt;span class=&#34;cp&#34;&gt;#include&lt;/span&gt;&lt;span class=&#34;cpf&#34;&gt;&amp;lt;cmath&amp;gt; &lt;/span&gt;&lt;span class=&#34;cp&#34;&gt;
&lt;/span&gt;&lt;/span&gt;&lt;/span&gt;&lt;span class=&#34;line&#34;&gt;&lt;span class=&#34;cl&#34;&gt;&lt;span class=&#34;cp&#34;&gt;&lt;/span&gt;&lt;span class=&#34;k&#34;&gt;using&lt;/span&gt; &lt;span class=&#34;k&#34;&gt;namespace&lt;/span&gt; &lt;span class=&#34;n&#34;&gt;std&lt;/span&gt;&lt;span class=&#34;p&#34;&gt;;&lt;/span&gt;
&lt;/span&gt;&lt;/span&gt;&lt;span class=&#34;line&#34;&gt;&lt;span class=&#34;cl&#34;&gt;&lt;span class=&#34;cp&#34;&gt;#define ll long long
&lt;/span&gt;&lt;/span&gt;&lt;/span&gt;&lt;span class=&#34;line&#34;&gt;&lt;span class=&#34;cl&#34;&gt;&lt;span class=&#34;cp&#34;&gt;&lt;/span&gt;&lt;span class=&#34;kt&#34;&gt;int&lt;/span&gt; &lt;span class=&#34;n&#34;&gt;a&lt;/span&gt;&lt;span class=&#34;p&#34;&gt;[&lt;/span&gt;&lt;span class=&#34;mi&#34;&gt;1001000&lt;/span&gt;&lt;span class=&#34;p&#34;&gt;],&lt;/span&gt;&lt;span class=&#34;n&#34;&gt;b&lt;/span&gt;&lt;span class=&#34;p&#34;&gt;[&lt;/span&gt;&lt;span class=&#34;mi&#34;&gt;1001000&lt;/span&gt;&lt;span class=&#34;p&#34;&gt;],&lt;/span&gt;&lt;span class=&#34;n&#34;&gt;c&lt;/span&gt;&lt;span class=&#34;p&#34;&gt;[&lt;/span&gt;&lt;span class=&#34;mi&#34;&gt;1001000&lt;/span&gt;&lt;span class=&#34;p&#34;&gt;];&lt;/span&gt;
&lt;/span&gt;&lt;/span&gt;&lt;span class=&#34;line&#34;&gt;&lt;span class=&#34;cl&#34;&gt;&lt;span class=&#34;kt&#34;&gt;int&lt;/span&gt; &lt;span class=&#34;n&#34;&gt;bp&lt;/span&gt;&lt;span class=&#34;p&#34;&gt;[&lt;/span&gt;&lt;span class=&#34;mi&#34;&gt;1001000&lt;/span&gt;&lt;span class=&#34;p&#34;&gt;],&lt;/span&gt;&lt;span class=&#34;n&#34;&gt;cp&lt;/span&gt;&lt;span class=&#34;p&#34;&gt;[&lt;/span&gt;&lt;span class=&#34;mi&#34;&gt;1001000&lt;/span&gt;&lt;span class=&#34;p&#34;&gt;];&lt;/span&gt;
&lt;/span&gt;&lt;/span&gt;&lt;span class=&#34;line&#34;&gt;&lt;span class=&#34;cl&#34;&gt;&lt;span class=&#34;n&#34;&gt;ll&lt;/span&gt; &lt;span class=&#34;n&#34;&gt;ans&lt;/span&gt;&lt;span class=&#34;o&#34;&gt;=&lt;/span&gt;&lt;span class=&#34;mi&#34;&gt;0&lt;/span&gt;&lt;span class=&#34;p&#34;&gt;;&lt;/span&gt;
&lt;/span&gt;&lt;/span&gt;&lt;span class=&#34;line&#34;&gt;&lt;span class=&#34;cl&#34;&gt;&lt;span class=&#34;kt&#34;&gt;void&lt;/span&gt; &lt;span class=&#34;nf&#34;&gt;solve&lt;/span&gt;&lt;span class=&#34;p&#34;&gt;(&lt;/span&gt;&lt;span class=&#34;kt&#34;&gt;int&lt;/span&gt; &lt;span class=&#34;n&#34;&gt;l&lt;/span&gt;&lt;span class=&#34;p&#34;&gt;,&lt;/span&gt;&lt;span class=&#34;kt&#34;&gt;int&lt;/span&gt; &lt;span class=&#34;n&#34;&gt;r&lt;/span&gt;&lt;span class=&#34;p&#34;&gt;,&lt;/span&gt;&lt;span class=&#34;kt&#34;&gt;int&lt;/span&gt; &lt;span class=&#34;n&#34;&gt;L&lt;/span&gt;&lt;span class=&#34;p&#34;&gt;,&lt;/span&gt;&lt;span class=&#34;kt&#34;&gt;int&lt;/span&gt; &lt;span class=&#34;n&#34;&gt;R&lt;/span&gt;&lt;span class=&#34;p&#34;&gt;)&lt;/span&gt;
&lt;/span&gt;&lt;/span&gt;&lt;span class=&#34;line&#34;&gt;&lt;span class=&#34;cl&#34;&gt;&lt;span class=&#34;p&#34;&gt;{&lt;/span&gt;
&lt;/span&gt;&lt;/span&gt;&lt;span class=&#34;line&#34;&gt;&lt;span class=&#34;cl&#34;&gt;	&lt;span class=&#34;k&#34;&gt;if&lt;/span&gt;&lt;span class=&#34;p&#34;&gt;(&lt;/span&gt;&lt;span class=&#34;n&#34;&gt;l&lt;/span&gt;&lt;span class=&#34;o&#34;&gt;&amp;gt;&lt;/span&gt;&lt;span class=&#34;n&#34;&gt;r&lt;/span&gt;&lt;span class=&#34;p&#34;&gt;)&lt;/span&gt;
&lt;/span&gt;&lt;/span&gt;&lt;span class=&#34;line&#34;&gt;&lt;span class=&#34;cl&#34;&gt;		&lt;span class=&#34;k&#34;&gt;return&lt;/span&gt;&lt;span class=&#34;p&#34;&gt;;&lt;/span&gt;
&lt;/span&gt;&lt;/span&gt;&lt;span class=&#34;line&#34;&gt;&lt;span class=&#34;cl&#34;&gt;	&lt;span class=&#34;kt&#34;&gt;int&lt;/span&gt; &lt;span class=&#34;n&#34;&gt;mid&lt;/span&gt;&lt;span class=&#34;o&#34;&gt;=&lt;/span&gt;&lt;span class=&#34;p&#34;&gt;(&lt;/span&gt;&lt;span class=&#34;n&#34;&gt;l&lt;/span&gt;&lt;span class=&#34;o&#34;&gt;+&lt;/span&gt;&lt;span class=&#34;n&#34;&gt;r&lt;/span&gt;&lt;span class=&#34;p&#34;&gt;)&lt;/span&gt;&lt;span class=&#34;o&#34;&gt;&amp;gt;&amp;gt;&lt;/span&gt;&lt;span class=&#34;mi&#34;&gt;1&lt;/span&gt;&lt;span class=&#34;p&#34;&gt;,&lt;/span&gt;&lt;span class=&#34;n&#34;&gt;q&lt;/span&gt;&lt;span class=&#34;o&#34;&gt;=&lt;/span&gt;&lt;span class=&#34;mi&#34;&gt;0&lt;/span&gt;&lt;span class=&#34;p&#34;&gt;;&lt;/span&gt;
&lt;/span&gt;&lt;/span&gt;&lt;span class=&#34;line&#34;&gt;&lt;span class=&#34;cl&#34;&gt;	&lt;span class=&#34;n&#34;&gt;ll&lt;/span&gt; &lt;span class=&#34;n&#34;&gt;Ans&lt;/span&gt;&lt;span class=&#34;o&#34;&gt;=&lt;/span&gt;&lt;span class=&#34;mi&#34;&gt;0&lt;/span&gt;&lt;span class=&#34;p&#34;&gt;;&lt;/span&gt;
&lt;/span&gt;&lt;/span&gt;&lt;span class=&#34;line&#34;&gt;&lt;span class=&#34;cl&#34;&gt;	&lt;span class=&#34;k&#34;&gt;for&lt;/span&gt;&lt;span class=&#34;p&#34;&gt;(&lt;/span&gt;&lt;span class=&#34;kt&#34;&gt;int&lt;/span&gt; &lt;span class=&#34;n&#34;&gt;i&lt;/span&gt;&lt;span class=&#34;o&#34;&gt;=&lt;/span&gt;&lt;span class=&#34;n&#34;&gt;L&lt;/span&gt;&lt;span class=&#34;p&#34;&gt;;&lt;/span&gt;&lt;span class=&#34;n&#34;&gt;i&lt;/span&gt;&lt;span class=&#34;o&#34;&gt;&amp;lt;=&lt;/span&gt;&lt;span class=&#34;n&#34;&gt;R&lt;/span&gt;&lt;span class=&#34;p&#34;&gt;;&lt;/span&gt;&lt;span class=&#34;o&#34;&gt;++&lt;/span&gt;&lt;span class=&#34;n&#34;&gt;i&lt;/span&gt;&lt;span class=&#34;p&#34;&gt;)&lt;/span&gt;
&lt;/span&gt;&lt;/span&gt;&lt;span class=&#34;line&#34;&gt;&lt;span class=&#34;cl&#34;&gt;	&lt;span class=&#34;p&#34;&gt;{&lt;/span&gt;
&lt;/span&gt;&lt;/span&gt;&lt;span class=&#34;line&#34;&gt;&lt;span class=&#34;cl&#34;&gt;		&lt;span class=&#34;k&#34;&gt;if&lt;/span&gt;&lt;span class=&#34;p&#34;&gt;(&lt;/span&gt;&lt;span class=&#34;n&#34;&gt;Ans&lt;/span&gt;&lt;span class=&#34;o&#34;&gt;&amp;lt;&lt;/span&gt;&lt;span class=&#34;mi&#34;&gt;1ll&lt;/span&gt;&lt;span class=&#34;o&#34;&gt;*&lt;/span&gt;&lt;span class=&#34;p&#34;&gt;(&lt;/span&gt;&lt;span class=&#34;n&#34;&gt;cp&lt;/span&gt;&lt;span class=&#34;p&#34;&gt;[&lt;/span&gt;&lt;span class=&#34;n&#34;&gt;i&lt;/span&gt;&lt;span class=&#34;p&#34;&gt;]&lt;/span&gt;&lt;span class=&#34;o&#34;&gt;-&lt;/span&gt;&lt;span class=&#34;n&#34;&gt;bp&lt;/span&gt;&lt;span class=&#34;p&#34;&gt;[&lt;/span&gt;&lt;span class=&#34;n&#34;&gt;mid&lt;/span&gt;&lt;span class=&#34;p&#34;&gt;])&lt;/span&gt;&lt;span class=&#34;o&#34;&gt;*&lt;/span&gt;&lt;span class=&#34;p&#34;&gt;(&lt;/span&gt;&lt;span class=&#34;n&#34;&gt;b&lt;/span&gt;&lt;span class=&#34;p&#34;&gt;[&lt;/span&gt;&lt;span class=&#34;n&#34;&gt;mid&lt;/span&gt;&lt;span class=&#34;p&#34;&gt;]&lt;/span&gt;&lt;span class=&#34;o&#34;&gt;+&lt;/span&gt;&lt;span class=&#34;n&#34;&gt;c&lt;/span&gt;&lt;span class=&#34;p&#34;&gt;[&lt;/span&gt;&lt;span class=&#34;n&#34;&gt;i&lt;/span&gt;&lt;span class=&#34;p&#34;&gt;]))&lt;/span&gt;
&lt;/span&gt;&lt;/span&gt;&lt;span class=&#34;line&#34;&gt;&lt;span class=&#34;cl&#34;&gt;		&lt;span class=&#34;p&#34;&gt;{&lt;/span&gt;
&lt;/span&gt;&lt;/span&gt;&lt;span class=&#34;line&#34;&gt;&lt;span class=&#34;cl&#34;&gt;			&lt;span class=&#34;n&#34;&gt;q&lt;/span&gt;&lt;span class=&#34;o&#34;&gt;=&lt;/span&gt;&lt;span class=&#34;n&#34;&gt;i&lt;/span&gt;&lt;span class=&#34;p&#34;&gt;;&lt;/span&gt;
&lt;/span&gt;&lt;/span&gt;&lt;span class=&#34;line&#34;&gt;&lt;span class=&#34;cl&#34;&gt;			&lt;span class=&#34;n&#34;&gt;Ans&lt;/span&gt;&lt;span class=&#34;o&#34;&gt;=&lt;/span&gt;&lt;span class=&#34;mi&#34;&gt;1ll&lt;/span&gt;&lt;span class=&#34;o&#34;&gt;*&lt;/span&gt;&lt;span class=&#34;p&#34;&gt;(&lt;/span&gt;&lt;span class=&#34;n&#34;&gt;cp&lt;/span&gt;&lt;span class=&#34;p&#34;&gt;[&lt;/span&gt;&lt;span class=&#34;n&#34;&gt;i&lt;/span&gt;&lt;span class=&#34;p&#34;&gt;]&lt;/span&gt;&lt;span class=&#34;o&#34;&gt;-&lt;/span&gt;&lt;span class=&#34;n&#34;&gt;bp&lt;/span&gt;&lt;span class=&#34;p&#34;&gt;[&lt;/span&gt;&lt;span class=&#34;n&#34;&gt;mid&lt;/span&gt;&lt;span class=&#34;p&#34;&gt;])&lt;/span&gt;&lt;span class=&#34;o&#34;&gt;*&lt;/span&gt;&lt;span class=&#34;p&#34;&gt;(&lt;/span&gt;&lt;span class=&#34;n&#34;&gt;b&lt;/span&gt;&lt;span class=&#34;p&#34;&gt;[&lt;/span&gt;&lt;span class=&#34;n&#34;&gt;mid&lt;/span&gt;&lt;span class=&#34;p&#34;&gt;]&lt;/span&gt;&lt;span class=&#34;o&#34;&gt;+&lt;/span&gt;&lt;span class=&#34;n&#34;&gt;c&lt;/span&gt;&lt;span class=&#34;p&#34;&gt;[&lt;/span&gt;&lt;span class=&#34;n&#34;&gt;i&lt;/span&gt;&lt;span class=&#34;p&#34;&gt;]);&lt;/span&gt;
&lt;/span&gt;&lt;/span&gt;&lt;span class=&#34;line&#34;&gt;&lt;span class=&#34;cl&#34;&gt;		&lt;span class=&#34;p&#34;&gt;}&lt;/span&gt;
&lt;/span&gt;&lt;/span&gt;&lt;span class=&#34;line&#34;&gt;&lt;span class=&#34;cl&#34;&gt;	&lt;span class=&#34;p&#34;&gt;}&lt;/span&gt;
&lt;/span&gt;&lt;/span&gt;&lt;span class=&#34;line&#34;&gt;&lt;span class=&#34;cl&#34;&gt;	&lt;span class=&#34;n&#34;&gt;ans&lt;/span&gt;&lt;span class=&#34;o&#34;&gt;=&lt;/span&gt;&lt;span class=&#34;n&#34;&gt;ans&lt;/span&gt;&lt;span class=&#34;o&#34;&gt;&amp;gt;&lt;/span&gt;&lt;span class=&#34;n&#34;&gt;Ans&lt;/span&gt;&lt;span class=&#34;o&#34;&gt;?&lt;/span&gt;&lt;span class=&#34;nl&#34;&gt;ans&lt;/span&gt;&lt;span class=&#34;p&#34;&gt;:&lt;/span&gt;&lt;span class=&#34;n&#34;&gt;Ans&lt;/span&gt;&lt;span class=&#34;p&#34;&gt;;&lt;/span&gt;
&lt;/span&gt;&lt;/span&gt;&lt;span class=&#34;line&#34;&gt;&lt;span class=&#34;cl&#34;&gt;	&lt;span class=&#34;n&#34;&gt;solve&lt;/span&gt;&lt;span class=&#34;p&#34;&gt;(&lt;/span&gt;&lt;span class=&#34;n&#34;&gt;l&lt;/span&gt;&lt;span class=&#34;p&#34;&gt;,&lt;/span&gt;&lt;span class=&#34;n&#34;&gt;mid&lt;/span&gt;&lt;span class=&#34;o&#34;&gt;-&lt;/span&gt;&lt;span class=&#34;mi&#34;&gt;1&lt;/span&gt;&lt;span class=&#34;p&#34;&gt;,&lt;/span&gt;&lt;span class=&#34;n&#34;&gt;L&lt;/span&gt;&lt;span class=&#34;p&#34;&gt;,&lt;/span&gt;&lt;span class=&#34;n&#34;&gt;q&lt;/span&gt;&lt;span class=&#34;p&#34;&gt;);&lt;/span&gt;
&lt;/span&gt;&lt;/span&gt;&lt;span class=&#34;line&#34;&gt;&lt;span class=&#34;cl&#34;&gt;	&lt;span class=&#34;n&#34;&gt;solve&lt;/span&gt;&lt;span class=&#34;p&#34;&gt;(&lt;/span&gt;&lt;span class=&#34;n&#34;&gt;mid&lt;/span&gt;&lt;span class=&#34;o&#34;&gt;+&lt;/span&gt;&lt;span class=&#34;mi&#34;&gt;1&lt;/span&gt;&lt;span class=&#34;p&#34;&gt;,&lt;/span&gt;&lt;span class=&#34;n&#34;&gt;r&lt;/span&gt;&lt;span class=&#34;p&#34;&gt;,&lt;/span&gt;&lt;span class=&#34;n&#34;&gt;q&lt;/span&gt;&lt;span class=&#34;p&#34;&gt;,&lt;/span&gt;&lt;span class=&#34;n&#34;&gt;R&lt;/span&gt;&lt;span class=&#34;p&#34;&gt;);&lt;/span&gt;
&lt;/span&gt;&lt;/span&gt;&lt;span class=&#34;line&#34;&gt;&lt;span class=&#34;cl&#34;&gt;&lt;span class=&#34;p&#34;&gt;}&lt;/span&gt;
&lt;/span&gt;&lt;/span&gt;&lt;span class=&#34;line&#34;&gt;&lt;span class=&#34;cl&#34;&gt;&lt;span class=&#34;kt&#34;&gt;int&lt;/span&gt; &lt;span class=&#34;nf&#34;&gt;main&lt;/span&gt;&lt;span class=&#34;p&#34;&gt;()&lt;/span&gt; 
&lt;/span&gt;&lt;/span&gt;&lt;span class=&#34;line&#34;&gt;&lt;span class=&#34;cl&#34;&gt;&lt;span class=&#34;p&#34;&gt;{&lt;/span&gt;
&lt;/span&gt;&lt;/span&gt;&lt;span class=&#34;line&#34;&gt;&lt;span class=&#34;cl&#34;&gt;	&lt;span class=&#34;kt&#34;&gt;int&lt;/span&gt; &lt;span class=&#34;n&#34;&gt;n&lt;/span&gt;&lt;span class=&#34;p&#34;&gt;;&lt;/span&gt;
&lt;/span&gt;&lt;/span&gt;&lt;span class=&#34;line&#34;&gt;&lt;span class=&#34;cl&#34;&gt;	&lt;span class=&#34;n&#34;&gt;scanf&lt;/span&gt;&lt;span class=&#34;p&#34;&gt;(&lt;/span&gt;&lt;span class=&#34;s&#34;&gt;&amp;#34;%d&amp;#34;&lt;/span&gt;&lt;span class=&#34;p&#34;&gt;,&lt;/span&gt;&lt;span class=&#34;o&#34;&gt;&amp;amp;&lt;/span&gt;&lt;span class=&#34;n&#34;&gt;n&lt;/span&gt;&lt;span class=&#34;p&#34;&gt;);&lt;/span&gt;
&lt;/span&gt;&lt;/span&gt;&lt;span class=&#34;line&#34;&gt;&lt;span class=&#34;cl&#34;&gt;	&lt;span class=&#34;k&#34;&gt;for&lt;/span&gt;&lt;span class=&#34;p&#34;&gt;(&lt;/span&gt;&lt;span class=&#34;kt&#34;&gt;int&lt;/span&gt; &lt;span class=&#34;n&#34;&gt;i&lt;/span&gt;&lt;span class=&#34;o&#34;&gt;=&lt;/span&gt;&lt;span class=&#34;mi&#34;&gt;1&lt;/span&gt;&lt;span class=&#34;p&#34;&gt;;&lt;/span&gt;&lt;span class=&#34;n&#34;&gt;i&lt;/span&gt;&lt;span class=&#34;o&#34;&gt;&amp;lt;=&lt;/span&gt;&lt;span class=&#34;n&#34;&gt;n&lt;/span&gt;&lt;span class=&#34;p&#34;&gt;;&lt;/span&gt;&lt;span class=&#34;o&#34;&gt;++&lt;/span&gt;&lt;span class=&#34;n&#34;&gt;i&lt;/span&gt;&lt;span class=&#34;p&#34;&gt;)&lt;/span&gt;
&lt;/span&gt;&lt;/span&gt;&lt;span class=&#34;line&#34;&gt;&lt;span class=&#34;cl&#34;&gt;		&lt;span class=&#34;n&#34;&gt;scanf&lt;/span&gt;&lt;span class=&#34;p&#34;&gt;(&lt;/span&gt;&lt;span class=&#34;s&#34;&gt;&amp;#34;%d&amp;#34;&lt;/span&gt;&lt;span class=&#34;p&#34;&gt;,&lt;/span&gt;&lt;span class=&#34;o&#34;&gt;&amp;amp;&lt;/span&gt;&lt;span class=&#34;n&#34;&gt;a&lt;/span&gt;&lt;span class=&#34;p&#34;&gt;[&lt;/span&gt;&lt;span class=&#34;n&#34;&gt;i&lt;/span&gt;&lt;span class=&#34;p&#34;&gt;]);&lt;/span&gt;
&lt;/span&gt;&lt;/span&gt;&lt;span class=&#34;line&#34;&gt;&lt;span class=&#34;cl&#34;&gt;	&lt;span class=&#34;kt&#34;&gt;int&lt;/span&gt; &lt;span class=&#34;n&#34;&gt;ii&lt;/span&gt;&lt;span class=&#34;o&#34;&gt;=&lt;/span&gt;&lt;span class=&#34;mi&#34;&gt;0&lt;/span&gt;&lt;span class=&#34;p&#34;&gt;,&lt;/span&gt;&lt;span class=&#34;n&#34;&gt;iii&lt;/span&gt;&lt;span class=&#34;o&#34;&gt;=&lt;/span&gt;&lt;span class=&#34;mi&#34;&gt;0&lt;/span&gt;&lt;span class=&#34;p&#34;&gt;;&lt;/span&gt;
&lt;/span&gt;&lt;/span&gt;&lt;span class=&#34;line&#34;&gt;&lt;span class=&#34;cl&#34;&gt;	&lt;span class=&#34;n&#34;&gt;c&lt;/span&gt;&lt;span class=&#34;p&#34;&gt;[&lt;/span&gt;&lt;span class=&#34;mi&#34;&gt;0&lt;/span&gt;&lt;span class=&#34;p&#34;&gt;]&lt;/span&gt;&lt;span class=&#34;o&#34;&gt;=&lt;/span&gt;&lt;span class=&#34;mf&#34;&gt;1e8&lt;/span&gt;&lt;span class=&#34;p&#34;&gt;;&lt;/span&gt;
&lt;/span&gt;&lt;/span&gt;&lt;span class=&#34;line&#34;&gt;&lt;span class=&#34;cl&#34;&gt;	&lt;span class=&#34;k&#34;&gt;for&lt;/span&gt;&lt;span class=&#34;p&#34;&gt;(&lt;/span&gt;&lt;span class=&#34;kt&#34;&gt;int&lt;/span&gt; &lt;span class=&#34;n&#34;&gt;i&lt;/span&gt;&lt;span class=&#34;o&#34;&gt;=&lt;/span&gt;&lt;span class=&#34;mi&#34;&gt;1&lt;/span&gt;&lt;span class=&#34;p&#34;&gt;;&lt;/span&gt;&lt;span class=&#34;n&#34;&gt;i&lt;/span&gt;&lt;span class=&#34;o&#34;&gt;&amp;lt;=&lt;/span&gt;&lt;span class=&#34;n&#34;&gt;n&lt;/span&gt;&lt;span class=&#34;p&#34;&gt;;&lt;/span&gt;&lt;span class=&#34;o&#34;&gt;++&lt;/span&gt;&lt;span class=&#34;n&#34;&gt;i&lt;/span&gt;&lt;span class=&#34;p&#34;&gt;)&lt;/span&gt;
&lt;/span&gt;&lt;/span&gt;&lt;span class=&#34;line&#34;&gt;&lt;span class=&#34;cl&#34;&gt;	&lt;span class=&#34;p&#34;&gt;{&lt;/span&gt;
&lt;/span&gt;&lt;/span&gt;&lt;span class=&#34;line&#34;&gt;&lt;span class=&#34;cl&#34;&gt;		&lt;span class=&#34;k&#34;&gt;if&lt;/span&gt;&lt;span class=&#34;p&#34;&gt;(&lt;/span&gt;&lt;span class=&#34;n&#34;&gt;a&lt;/span&gt;&lt;span class=&#34;p&#34;&gt;[&lt;/span&gt;&lt;span class=&#34;n&#34;&gt;i&lt;/span&gt;&lt;span class=&#34;p&#34;&gt;]&lt;/span&gt;&lt;span class=&#34;o&#34;&gt;&amp;gt;&lt;/span&gt;&lt;span class=&#34;n&#34;&gt;b&lt;/span&gt;&lt;span class=&#34;p&#34;&gt;[&lt;/span&gt;&lt;span class=&#34;n&#34;&gt;ii&lt;/span&gt;&lt;span class=&#34;p&#34;&gt;])&lt;/span&gt;
&lt;/span&gt;&lt;/span&gt;&lt;span class=&#34;line&#34;&gt;&lt;span class=&#34;cl&#34;&gt;		&lt;span class=&#34;p&#34;&gt;{&lt;/span&gt;
&lt;/span&gt;&lt;/span&gt;&lt;span class=&#34;line&#34;&gt;&lt;span class=&#34;cl&#34;&gt;			&lt;span class=&#34;n&#34;&gt;b&lt;/span&gt;&lt;span class=&#34;p&#34;&gt;[&lt;/span&gt;&lt;span class=&#34;o&#34;&gt;++&lt;/span&gt;&lt;span class=&#34;n&#34;&gt;ii&lt;/span&gt;&lt;span class=&#34;p&#34;&gt;]&lt;/span&gt;&lt;span class=&#34;o&#34;&gt;=&lt;/span&gt;&lt;span class=&#34;n&#34;&gt;a&lt;/span&gt;&lt;span class=&#34;p&#34;&gt;[&lt;/span&gt;&lt;span class=&#34;n&#34;&gt;i&lt;/span&gt;&lt;span class=&#34;p&#34;&gt;];&lt;/span&gt;
&lt;/span&gt;&lt;/span&gt;&lt;span class=&#34;line&#34;&gt;&lt;span class=&#34;cl&#34;&gt;			&lt;span class=&#34;n&#34;&gt;bp&lt;/span&gt;&lt;span class=&#34;p&#34;&gt;[&lt;/span&gt;&lt;span class=&#34;n&#34;&gt;ii&lt;/span&gt;&lt;span class=&#34;p&#34;&gt;]&lt;/span&gt;&lt;span class=&#34;o&#34;&gt;=&lt;/span&gt;&lt;span class=&#34;n&#34;&gt;i&lt;/span&gt;&lt;span class=&#34;p&#34;&gt;;&lt;/span&gt;
&lt;/span&gt;&lt;/span&gt;&lt;span class=&#34;line&#34;&gt;&lt;span class=&#34;cl&#34;&gt;		&lt;span class=&#34;p&#34;&gt;}&lt;/span&gt;
&lt;/span&gt;&lt;/span&gt;&lt;span class=&#34;line&#34;&gt;&lt;span class=&#34;cl&#34;&gt;			
&lt;/span&gt;&lt;/span&gt;&lt;span class=&#34;line&#34;&gt;&lt;span class=&#34;cl&#34;&gt;		&lt;span class=&#34;k&#34;&gt;while&lt;/span&gt;&lt;span class=&#34;p&#34;&gt;(&lt;/span&gt;&lt;span class=&#34;n&#34;&gt;a&lt;/span&gt;&lt;span class=&#34;p&#34;&gt;[&lt;/span&gt;&lt;span class=&#34;n&#34;&gt;i&lt;/span&gt;&lt;span class=&#34;p&#34;&gt;]&lt;/span&gt;&lt;span class=&#34;o&#34;&gt;&amp;gt;=&lt;/span&gt;&lt;span class=&#34;n&#34;&gt;c&lt;/span&gt;&lt;span class=&#34;p&#34;&gt;[&lt;/span&gt;&lt;span class=&#34;n&#34;&gt;iii&lt;/span&gt;&lt;span class=&#34;p&#34;&gt;])&lt;/span&gt;
&lt;/span&gt;&lt;/span&gt;&lt;span class=&#34;line&#34;&gt;&lt;span class=&#34;cl&#34;&gt;			&lt;span class=&#34;o&#34;&gt;--&lt;/span&gt;&lt;span class=&#34;n&#34;&gt;iii&lt;/span&gt;&lt;span class=&#34;p&#34;&gt;;&lt;/span&gt;
&lt;/span&gt;&lt;/span&gt;&lt;span class=&#34;line&#34;&gt;&lt;span class=&#34;cl&#34;&gt;		&lt;span class=&#34;n&#34;&gt;c&lt;/span&gt;&lt;span class=&#34;p&#34;&gt;[&lt;/span&gt;&lt;span class=&#34;o&#34;&gt;++&lt;/span&gt;&lt;span class=&#34;n&#34;&gt;iii&lt;/span&gt;&lt;span class=&#34;p&#34;&gt;]&lt;/span&gt;&lt;span class=&#34;o&#34;&gt;=&lt;/span&gt;&lt;span class=&#34;n&#34;&gt;a&lt;/span&gt;&lt;span class=&#34;p&#34;&gt;[&lt;/span&gt;&lt;span class=&#34;n&#34;&gt;i&lt;/span&gt;&lt;span class=&#34;p&#34;&gt;];&lt;/span&gt;
&lt;/span&gt;&lt;/span&gt;&lt;span class=&#34;line&#34;&gt;&lt;span class=&#34;cl&#34;&gt;		&lt;span class=&#34;n&#34;&gt;cp&lt;/span&gt;&lt;span class=&#34;p&#34;&gt;[&lt;/span&gt;&lt;span class=&#34;n&#34;&gt;iii&lt;/span&gt;&lt;span class=&#34;p&#34;&gt;]&lt;/span&gt;&lt;span class=&#34;o&#34;&gt;=&lt;/span&gt;&lt;span class=&#34;n&#34;&gt;i&lt;/span&gt;&lt;span class=&#34;p&#34;&gt;;&lt;/span&gt;
&lt;/span&gt;&lt;/span&gt;&lt;span class=&#34;line&#34;&gt;&lt;span class=&#34;cl&#34;&gt;	&lt;span class=&#34;p&#34;&gt;}&lt;/span&gt;
&lt;/span&gt;&lt;/span&gt;&lt;span class=&#34;line&#34;&gt;&lt;span class=&#34;cl&#34;&gt;	&lt;span class=&#34;n&#34;&gt;solve&lt;/span&gt;&lt;span class=&#34;p&#34;&gt;(&lt;/span&gt;&lt;span class=&#34;mi&#34;&gt;1&lt;/span&gt;&lt;span class=&#34;p&#34;&gt;,&lt;/span&gt;&lt;span class=&#34;n&#34;&gt;ii&lt;/span&gt;&lt;span class=&#34;p&#34;&gt;,&lt;/span&gt;&lt;span class=&#34;mi&#34;&gt;1&lt;/span&gt;&lt;span class=&#34;p&#34;&gt;,&lt;/span&gt;&lt;span class=&#34;n&#34;&gt;iii&lt;/span&gt;&lt;span class=&#34;p&#34;&gt;);&lt;/span&gt;
&lt;/span&gt;&lt;/span&gt;&lt;span class=&#34;line&#34;&gt;&lt;span class=&#34;cl&#34;&gt;	&lt;span class=&#34;n&#34;&gt;printf&lt;/span&gt;&lt;span class=&#34;p&#34;&gt;(&lt;/span&gt;&lt;span class=&#34;s&#34;&gt;&amp;#34;%lld&lt;/span&gt;&lt;span class=&#34;se&#34;&gt;\n&lt;/span&gt;&lt;span class=&#34;s&#34;&gt;&amp;#34;&lt;/span&gt;&lt;span class=&#34;p&#34;&gt;,&lt;/span&gt;&lt;span class=&#34;n&#34;&gt;ans&lt;/span&gt;&lt;span class=&#34;p&#34;&gt;);&lt;/span&gt;
&lt;/span&gt;&lt;/span&gt;&lt;span class=&#34;line&#34;&gt;&lt;span class=&#34;cl&#34;&gt;	&lt;span class=&#34;k&#34;&gt;return&lt;/span&gt; &lt;span class=&#34;mi&#34;&gt;0&lt;/span&gt;&lt;span class=&#34;p&#34;&gt;;&lt;/span&gt;
&lt;/span&gt;&lt;/span&gt;&lt;span class=&#34;line&#34;&gt;&lt;span class=&#34;cl&#34;&gt;&lt;span class=&#34;p&#34;&gt;}&lt;/span&gt;
&lt;/span&gt;&lt;/span&gt;&lt;/code&gt;&lt;/pre&gt;&lt;/div&gt;</description>
    </item>
    
  </channel>
</rss>
