<?xml version="1.0" encoding="utf-8" standalone="yes" ?>
<rss version="2.0" xmlns:atom="http://www.w3.org/2005/Atom">
  <channel>
    <title>2 | Junyao Wang&#39;s Website</title>
    <link>https://wjy-yy.github.io/publication-type/2/</link>
      <atom:link href="https://wjy-yy.github.io/publication-type/2/index.xml" rel="self" type="application/rss+xml" />
    <description>2</description>
    <generator>Wowchemy (https://wowchemy.com)</generator><language>en-us</language><lastBuildDate>Tue, 01 Sep 2015 00:00:00 +0000</lastBuildDate>
    <image>
      <url>https://wjy-yy.github.io/media/icon_hu7f884a298faf95f889f3a23a893e55a2_114855_512x512_fill_lanczos_center_3.png</url>
      <title>2</title>
      <link>https://wjy-yy.github.io/publication-type/2/</link>
    </image>
    
    <item>
      <title>An example journal article</title>
      <link>https://wjy-yy.github.io/publication_hide/journal-article/index0/</link>
      <pubDate>Tue, 01 Sep 2015 00:00:00 +0000</pubDate>
      <guid>https://wjy-yy.github.io/publication_hide/journal-article/index0/</guid>
      <description>&lt;div class=&#34;alert alert-note&#34;&gt;
  &lt;div&gt;
    Click the &lt;em&gt;Cite&lt;/em&gt; button above to demo the feature to enable visitors to import publication metadata into their reference management software.
  &lt;/div&gt;
&lt;/div&gt;
&lt;div class=&#34;alert alert-note&#34;&gt;
  &lt;div&gt;
    Create your slides in Markdown - click the &lt;em&gt;Slides&lt;/em&gt; button to check out the example.
  &lt;/div&gt;
&lt;/div&gt;
&lt;p&gt;Supplementary notes can be added here, including &lt;a href=&#34;https://wowchemy.com/docs/writing-markdown-latex/&#34; target=&#34;_blank&#34; rel=&#34;noopener&#34;&gt;code, math, and images&lt;/a&gt;.&lt;/p&gt;
</description>
    </item>
    
  </channel>
</rss>
